Opponent 3rd Percent,Opp Pass TDs Allowed,Yards/Pass Attempt Allowed,Pass Yards Per Game Allowed,Opp Redzone Scores,Yds/Rush Allowed,Opp Rush Touchdowns Allowed,Rush Yards Per Game Allowed,Average Sacks per Game,Opponents Intercepted,Wins,Opp.Redzone.Scores,
0.279,10,7.11,159.1,21,3.39,10,95.3,0.92,9,10,43,
0.352,22,8.24,243.8,45,4.26,25,162.4,4.58,9,2,17,
0.305,12,5.63,187.8,33,3.64,15,130.4,1.69,7,11,34,
0.423,18,7.24,219.7,29,3.64,20,127.5,1.5,7,6,40,
0.478,25,7.74,258.6,50,5.59,33,209.1,1.92,3,5,37,
0.494,14,6.9,233.4,50,5.19,31,188.1,2.33,11,3,44,
0.45,24,8.53,294.7,47,4.55,26,170.5,2.38,9,7,44,
0.364,25,8.3,242.7,33,4.03,23,162.4,3.17,6,3,38,
0.387,15,6.98,160,33,5.05,19,199,1,10,6,31,
0.425,15,6.48,222.6,41,4.64,28,172.7,2.67,6,5,32,
0.396,17,6.23,216.1,38,4.12,23,182.3,1.17,7,5,36,
0.458,17,7.2,222.8,46,3.89,25,148.2,1.69,13,6,22,
0.315,13,6.49,167.7,28,3.49,16,124.8,1,15,10,30,
0.37,19,7.28,211.2,42,4.37,25,166.7,3.83,7,3,38,
0.47,29,7.51,250.7,44,4.36,22,168.9,2.85,10,6,45,
0.353,19,7.19,226.8,40,4.99,23,168.1,2.46,13,7,42,
0.461,25,7.47,234.3,53,4.55,22,173.8,1,8,8,26,
0.391,23,7.34,279.5,39,4.2,19,149.1,2.58,11,4,27,
0.33,21,6.9,221.9,34,3.76,20,149.6,2.58,4,4,53,
0.444,28,9.74,278.5,47,5.16,29,205.2,2.83,9,3,37,
0.385,15,6.06,182.2,32,3.6,18,153.2,2.92,11,9,34,
0.352,21,6.65,231.7,38,3.25,12,102.7,2,13,11,47,
0.421,28,9.18,284.5,45,3.95,22,133.5,2.31,9,9,46,
0.531,31,8.7,264.7,58,6.06,39,245.1,1.92,6,1,28,
0.378,15,6.47,191.4,41,4.15,24,163.6,4.92,8,3,32,
0.43,25,7.19,257.3,36,3.71,10,121.6,1.31,10,9,23,
0.423,27,8.7,291.8,36,3.44,15,112.5,1.31,11,8,41,
0.426,23,7.18,220.9,46,4.3,23,156.1,2.46,13,9,31,
0.495,24,7.73,260.3,52,4.67,31,191.8,1.5,7,4,37,
0.363,25,7.28,245.8,39,4.88,15,179,1.17,12,5,51,
0.497,17,7.74,235.8,47,4.49,29,175.2,1.23,9,6,48,
0.35,18,6.16,165.4,34,3.96,14,156.4,1.54,8,10,44,
0.361,14,6.11,189.4,36,4.27,17,149.6,2.79,12,10,24,
0.43,19,7.71,256.8,47,5.54,29,230.9,0.54,11,7,41,
0.266,15,6.45,219.7,23,2.88,7,77.1,0.6,12,15,44,
0.417,22,7.63,228.8,35,4.3,22,170.5,2.83,13,4,40,
0.386,17,6.96,212.4,37,4.53,20,188.6,3.25,11,5,44,
0.395,21,7.94,224.8,53,5.6,28,213.3,1.54,10,3,42,
0.43,32,7.56,278.6,50,4.14,18,143.2,1.77,8,8,33,
0.301,9,5.44,173.8,23,3.28,6,99.8,2.15,24,8,35,
0.424,30,8.04,274.2,43,4.14,19,175.1,3.17,7,4,37,
0.306,13,5.27,169.5,27,2.83,4,101.3,2.92,15,8,26,
0.288,20,6.64,178.2,29,3.2,8,107.3,2.17,7,4,35,
0.284,17,7.26,210,20,2.47,8,79.5,2,11,8,44,
0.474,21,7.9,260.2,55,4.82,37,209.2,0.92,12,6,48,
0.34,21,6.78,224.4,33,4.35,15,150.8,1.5,16,10,35,
0.394,23,8.15,273.2,38,3.87,19,160.1,1.75,7,5,34,
0.333,10,6.4,170.8,27,4.22,16,140.6,3.62,10,7,40,
0.344,16,6.66,199.8,38,3.69,20,146.3,3.15,14,8,54,
0.395,18,6.75,220.1,35,3.97,18,141.6,1.85,15,6,39,
0.43,20,7.01,225.6,46,6.12,34,243.2,2.67,11,3,24,
0.331,17,7.07,197,32,3.56,13,133.2,2.08,15,8,40,
0.39,17,6.83,206.2,37,4.1,18,148.4,3.21,9,10,37,
0.235,12,6.22,201.5,23,2.89,10,93,2.77,18,9,33,
0.389,17,6.22,223.3,40,3.79,16,133.8,3.31,9,8,40,
0.309,17,7.94,175.2,39,5,29,194.3,2.08,9,1,35,
0.414,24,6.99,241.3,35,3.53,17,122.1,2.85,16,7,38,
0.42,20,8.37,233.6,39,4.03,18,142.9,3,14,5,39,
0.401,17,6.93,237.2,37,3.91,17,135.9,2.92,11,6,51,
0.338,11,5.94,194.2,28,3.26,10,97.9,1.21,14,13,38,
0.435,26,7.93,237.9,37,4.29,14,178.6,1.5,2,5,22,
0.383,29,7.46,292.7,34,3.36,14,116.8,2.85,20,8,36,
0.279,8,6.11,186.1,25,3.77,10,109,1.15,15,9,38,
0.335,15,6.46,210.3,36,3.9,20,134.2,2,14,9,39,
0.344,18,7.12,215.3,35,3.65,19,125.5,2.08,11,6,31,
0.357,25,8.62,250.1,31,3.01,7,88.9,1,8,4,34,
0.328,15,6.38,226.2,31,3.36,13,100.7,2,19,8,30,
0.424,18,6.63,225.3,37,4.55,22,189.1,2.71,9,4,32,
0.423,17,7.81,231.6,35,4.31,23,164.6,2.83,11,2,40,
0.341,15,7.6,202.8,27,4.11,19,157.4,3.58,9,2,37,
0.373,14,6.46,186.8,36,3.92,21,149.5,1.23,7,7,44,
0.439,32,8.4,252.8,43,3.84,14,142.8,1,8,3,32,
0.418,27,7.88,271.3,43,4.51,29,165.2,2.86,9,9,37,
0.458,24,7.53,262.1,48,4.84,26,197.4,0.79,8,7,52,
0.418,17,7.05,183.4,39,4.62,24,191.3,1.75,6,1,40,
0.363,20,6.52,198,32,3.92,16,131.3,1.62,10,9,42,
0.392,29,7.84,286,46,4.29,19,140.9,1.79,12,10,44,
0.299,19,7.24,200.5,27,3.52,12,121.1,0.92,11,11,36,
0.409,20,7.13,273.5,50,4.48,29,187.5,2.38,17,6,37,
0.271,24,6.73,257.7,40,4.68,23,178,2.08,13,7,35,
0.412,17,8.19,244.2,35,4.18,19,198.3,2.92,12,3,27,
0.386,22,6.63,219.8,46,4.23,18,168,1.23,8,8,53,
0.468,24,7.14,256.4,40,4.18,17,124.8,0.38,16,10,32,
0.388,11,6.36,224.5,28,3.75,17,108.2,1.08,12,10,34,
0.332,12,5.8,212.3,31,3.31,14,111.2,1.62,14,11,36,
0.322,23,6.71,231.9,38,3.32,13,98,1.46,14,9,43,
0.349,28,7.59,224.9,38,4.19,19,142,2,15,8,36,
0.412,29,7.86,208.6,46,5.39,21,182.2,2.69,8,5,45,
0.341,15,6.51,206.8,39,3.99,23,142.9,2.17,9,4,42,
0.35,21,6.53,208.8,29,3.39,13,113.8,2.08,13,7,38,
0.394,15,7.44,217.7,28,3.24,15,122.2,3.5,14,6,41,
0.381,25,7.41,227.5,44,4.95,30,203.6,1.62,10,7,46,
0.312,22,6.57,238.6,32,3.28,8,92.9,2,13,10,38,
0.434,24,6.65,206.7,45,4.93,23,198,2.38,15,8,36,
0.503,25,9.02,282,51,6.12,37,234.6,1.17,6,1,45,
0.429,25,8.04,264.1,46,4.98,29,159.8,2.14,19,11,54,
0.364,21,7.42,234,32,3.7,15,138.2,2.62,17,7,28,
0.342,22,7.17,209.7,35,6.08,25,224.4,3.42,6,3,39,
0.402,18,6.51,184.8,37,3.72,17,143.8,3.31,10,7,38,
0.365,25,7.28,249.3,49,4.27,29,158.9,1.93,16,13,43,
0.362,21,7.31,198.6,39,4.57,21,192.6,0.83,6,3,45,
0.342,21,7.08,289.5,39,3.28,15,115.8,2.08,11,11,40,
0.411,18,6.3,242.7,32,3.48,14,125.7,1.46,10,8,41,
0.356,15,5.73,156.2,32,4.82,13,208.8,2.08,4,5,23,
0.354,18,7.01,244.9,33,3.46,18,116.2,2.25,11,4,37,
0.386,23,7.85,256.8,43,4.25,18,168.8,3.15,10,8,38,
0.335,17,5.97,183,34,3.83,25,143.2,2,12,9,41,
0.395,14,5.98,206.9,32,3.41,15,119.9,3.29,13,12,50,
0.374,23,6.29,208.1,35,3.9,15,152.3,2.07,12,12,37,
0.367,21,7.33,206.3,42,4.91,20,207.9,3.75,6,5,43,
0.402,16,6.24,194.9,38,4.56,23,165.9,1.62,10,7,25,
0.381,15,6.85,222.3,41,4.52,24,157.7,2.57,6,9,31,
0.394,25,7.3,273,46,3.8,18,129.9,1.46,11,9,37,
0.428,15,6.92,210.8,41,4.39,24,169.7,1.38,13,6,47,
0.427,17,8.07,232.7,47,4.85,29,195.1,2.92,6,4,35,
0.373,21,7.57,225.8,43,3.93,19,157.5,3.08,15,5,23,
0.315,20,7.55,222.6,38,3.96,18,111.4,1.07,12,10,35,
0.414,27,7.16,205,44,4.76,19,194.2,2.31,11,6,50,
0.348,23,8.17,216.5,35,4.05,13,136,2,5,5,40,
0.38,21,7.22,243.4,39,3.99,21,143.8,1.86,15,11,41,
0.397,29,8.74,290.5,38,5.16,25,170.8,1.25,6,5,33,
0.37,10,6.55,204.4,30,3.76,12,153.2,3.4,5,2,35,
0.341,13,6.92,235.2,34,3.9,15,135.2,3,4,2,52,
0.413,29,7.51,269.7,41,3.83,14,136.8,2.92,7,8,37,
0.445,26,7.82,251.5,32,3.52,14,121.2,0.54,7,11,42,
0.38,19,7.57,267.7,34,4.02,17,134.6,3.54,12,7,51,
0.407,22,8.17,262.7,36,4.14,24,149.6,1.67,4,5,38,
0.357,21,6.64,236.1,40,3.92,17,147.6,1,19,9,38,
0.316,15,7.25,212.1,36,3.94,18,140.1,3.5,11,5,20,
0.322,18,7.06,204.3,32,2.91,14,99.2,2.08,17,7,50,
0.382,19,6.52,217,40,4.27,17,153.5,1.46,6,7,45,
0.401,15,7.43,194.4,26,3.35,18,102.2,0.85,8,10,33,
0.542,26,8.77,220.1,48,6.2,32,248.9,5.25,6,2,45,
0.311,25,6.94,218.1,34,2.66,9,86,2.8,15,13,27,
0.342,18,7.03,222,34,3.66,18,125.7,1.21,15,10,42,
0.374,25,8.06,190.1,37,4.59,17,180.9,2.92,4,1,29,
0.372,13,6.63,194.8,39,3.62,18,131.2,2.15,16,8,39,
0.335,16,7.18,214.2,27,4.02,17,153.5,2.31,13,9,31,
0.414,26,8.35,244.8,34,6.42,32,260.9,4,11,2,62,
0.404,15,8.07,211.2,29,3.82,19,117.2,0.54,10,9,42,
0.358,23,7.1,245.8,40,3.55,8,128.1,1.69,9,6,38,
0.401,17,7.96,243,40,4.34,22,176.4,2,15,6,34,
0.343,13,7.19,227.5,34,3.34,16,118.4,1.29,19,12,45,
0.379,12,7.69,206.9,30,3.95,14,157.5,2.25,13,7,43,
0.345,14,6.74,173.5,30,4.54,15,170.8,2.17,10,6,33,
0.413,15,7.28,186.2,45,4.16,30,187.8,3.25,12,4,53,
0.388,20,8.88,221.2,36,4.77,27,194.3,1.33,3,4,36,
0.43,14,7.34,231.9,42,4.32,24,156.3,1.15,15,10,31,
0.464,20,6.7,229.5,30,3.94,13,137.2,2.08,13,5,38,
0.298,22,8.04,263.3,35,3.33,18,118.5,2.08,5,9,41,
0.444,27,9.66,260.8,36,5.36,27,204.2,2.08,8,5,35,
0.338,13,5.74,169.2,29,3.58,14,149.1,1.86,19,13,33,
0.34,12,6.11,213.9,20,2.85,7,96.3,1.62,12,10,41,
0.36,15,6.89,190.3,31,4.06,21,149.1,1.69,6,11,30,
0.431,17,7.22,242.3,32,4.97,22,178.6,2.67,9,4,25,
0.365,23,7.56,211.1,35,4.04,18,166.2,2.33,6,3,39,
0.48,32,9.24,311.8,51,5.29,26,206.2,2.25,8,3,50,
0.322,17,7.4,233.1,32,4.71,20,161.7,3,15,7,41,
0.436,19,7.87,237.8,35,5.06,27,197.7,3.23,8,7,22,
0.461,28,8.39,262.8,48,5.42,30,228.5,3.42,3,1,38,
0.318,19,7.2,252.2,35,4.46,17,157,2.92,13,5,48,
0.358,19,6.71,203.9,37,4.46,19,163.9,1.08,9,6,34,
0.404,25,7.05,233.2,24,3.63,15,144.6,3,14,5,26,
0.344,17,7.13,222,39,3.59,15,125.1,1.92,11,10,43,
0.379,28,8.62,289.5,38,4.35,17,152.3,2.33,5,3,36,
0.356,10,5.62,190.1,20,2.56,3,78.9,1.07,16,14,28,
0.444,20,7.77,261.8,32,3.51,20,141.4,1.77,11,8,33,
0.452,28,9.78,273,45,4.45,19,182.2,2.75,3,3,41,
0.462,24,7.45,290,39,4.05,24,156.3,2.92,14,6,36,
0.257,18,6.58,194,25,3.39,13,107.2,2.79,14,12,36,
0.353,12,7.11,215.2,36,3.78,16,150.4,1.92,9,5,55,
0.365,24,7.35,235.7,50,4.13,23,148.9,2.42,5,2,48,
0.369,16,6.42,214.5,39,3.15,15,114.4,2.29,25,10,31,
0.388,19,7.01,188.2,24,3.55,11,122.5,1.62,11,7,43,
0.542,27,9.05,236.8,53,6.05,40,249.9,1.33,7,2,37,
0.399,15,7.42,215.2,38,3.67,14,129.5,1.85,11,8,42,
0.468,23,7.65,265.6,54,4.97,40,205.9,2.86,16,7,29,
0.386,20,7.05,218.6,34,3.94,12,121.5,1.92,9,10,38,
0.339,14,6.62,180.3,29,3.5,19,139.9,4,9,8,32,
0.36,17,6.2,190.1,28,3.89,16,144.5,1.86,10,13,41,
0.382,25,7.8,267.8,47,4.52,25,166.5,2.33,9,3,25,
0.376,20,7.39,245.6,44,4.35,23,157.7,1.54,10,6,50,
0.398,29,7.29,236.8,35,3.9,16,140.8,2.92,8,6,36,
0.372,18,6.37,205.3,32,4.19,18,188.7,1.46,10,7,32,
0.404,22,7.91,249.5,45,4.02,24,154.8,2,6,7,32,
0.518,24,9.76,249.6,52,5.8,43,235.4,2.17,2,1,45,
0.48,22,6.89,250.8,41,4.11,22,167.4,2.42,9,6,35,
0.397,21,6.9,250.6,37,3.89,16,139,2.5,8,7,42,
0.374,21,7.55,223.2,25,3.93,18,145.6,1.62,9,7,54,
0.346,17,6.29,204.4,27,3.65,11,126.4,1,8,12,38,
0.402,27,7.29,324.8,43,3.41,10,117.2,1.62,10,11,53,
0.365,23,6.26,236.5,36,3.95,17,136.4,2.08,17,7,39,
0.348,15,6.38,181.2,23,3.37,11,97.5,1.69,8,9,40,
0.413,20,7.51,231.8,32,3.62,16,113,2.62,11,7,41,
0.434,25,8.17,206.8,51,5.31,32,227.4,1.38,11,6,27,
0.394,15,8.56,218.2,35,3.98,25,130.4,2.5,7,4,31,
0.293,19,6.03,207.6,26,3.81,9,124,2.08,15,9,27,
0.389,14,6.51,219.1,28,4.16,12,146.9,2.42,10,3,24,
0.387,19,6.58,220.5,39,4.69,23,186,3.46,14,8,32,
0.386,19,7.52,219.8,36,3.7,17,143.2,2.75,9,3,33,
0.409,32,9.46,291,44,5.54,26,197.5,3.33,10,2,37,
0.413,27,8.17,238,40,5.81,33,214.4,0.79,3,9,37,
0.417,27,8.04,238,43,4.64,23,180,3.77,11,6,52,
0.388,25,7.84,230.5,31,4.02,18,152.4,1.15,6,6,47,
0.428,11,7.24,216.5,43,5.33,31,213,2.33,6,3,50,
0.321,13,6.76,224.2,37,3.85,13,135.3,2.69,15,11,37,
0.437,17,7.37,237.8,52,4.85,25,193,1.83,6,3,43,
0.414,21,6.94,246.2,36,3.68,17,126.8,1.31,12,11,33,
0.379,26,7.65,261.8,40,3.79,15,129,2.54,11,11,30,
0.288,17,6.47,210.2,28,2.71,9,87.6,1.14,9,12,38,
0.414,28,7.24,250,40,3.55,12,134.2,2.46,7,6,39,
0.385,14,6.76,230,42,4.51,25,190.6,2.62,11,10,33,
0.46,22,6.94,241.4,53,4.02,24,144.1,1.71,17,10,36,
0.503,22,7.35,243.5,44,4.14,19,143.8,1.08,15,7,34,
0.358,11,5.9,199.8,32,3.78,12,152.7,2.62,14,7,48,
0.335,26,7.31,264.3,36,2.65,15,89.3,2.43,16,11,32,
0.369,18,7.25,208.7,34,4.25,18,157.9,2.23,13,9,30,
0.39,23,8.69,273.8,50,4.8,30,161.8,2.33,14,4,36,
0.339,25,8.3,234.9,32,4.23,16,161.5,1.69,7,5,43,
0.318,25,6.25,244.1,34,2.72,7,80.3,1.71,17,12,46,
0.4,23,6.94,236.1,39,3.49,9,133.9,1.75,6,5,35,
0.38,27,8.26,278.1,38,3.76,15,136.8,1.33,10,8,49,
0.34,13,7.23,208.4,31,3.98,21,146.2,2.42,15,5,34,
0.402,16,6.99,180.8,33,4.69,18,175,2.38,15,7,29,
0.396,26,8.32,263.3,43,5.8,28,207.2,2,10,2,34,
0.428,20,8.77,241.8,38,4.6,28,167.1,1.5,14,4,25,
0.377,16,7.77,202,26,4.37,15,156.5,3.67,11,3,28,
0.434,15,7.59,215.6,47,5.72,33,235.7,2.58,6,3,54,
0.372,22,7.25,204.2,40,3.45,12,126.1,2.83,4,5,43,
0.469,20,9.34,239.8,46,5.79,34,222,2.33,10,5,46,
0.421,25,7,177.9,52,4.77,33,220.4,2.42,6,3,36,
0.421,23,7.26,273.2,46,3.71,24,148.5,3.38,13,7,40,
0.419,16,7.13,224,44,5.15,26,201.6,2.17,7,5,40,
0.328,13,5.77,192.7,22,3.65,6,134.8,1.58,10,8,49,
0.464,27,7.59,246.8,41,4.4,20,183.6,2.33,3,4,38,
0.447,29,7.7,268.2,44,4,18,136.8,1.92,10,7,22,
0.379,17,6.32,198.2,36,3.75,11,151.5,2.77,8,7,45,
0.333,19,7.62,194.9,30,3.49,15,143,2.67,16,5,35,
0.4,28,8.06,271.2,46,3.93,25,158.4,2.67,10,2,34,
0.385,15,7.29,228.2,32,3.88,19,142.7,1.92,11,7,48,
0.346,24,7.01,217.3,35,3.23,16,111.5,2.69,10,9,32,
0.378,12,5.86,210.1,42,4.32,24,159.2,1.92,11,9,48,
0.436,15,7.02,260.2,40,3.76,24,124.2,1.92,12,8,35,
0.415,30,7.68,258,51,4.57,27,195.2,3.33,10,1,40,
0.41,30,8.07,289.3,37,4.2,21,153.5,3.25,11,4,34,
0.411,26,8.3,236.5,45,4.51,19,171.9,3.33,9,2,37,
0.374,22,6.85,222.3,37,3.65,11,119.4,0.93,10,10,45,
0.346,16,7.52,230.9,41,4.38,20,161.9,2.29,12,11,34,
0.326,16,6.75,210.8,41,3.9,22,138.6,1.46,8,7,29,
0.374,27,8.3,258,36,3.28,15,114.7,1.5,12,12,31,
0.357,29,8.09,264.2,48,5.53,22,193.4,2.33,13,2,29,
0.41,26,7.66,240.2,39,5.79,21,225.8,3.33,8,6,31,
0.353,20,7.43,224.2,35,4.58,20,169.2,2.31,10,6,23,
0.387,24,7.17,217.8,41,4.86,25,195.5,2.5,15,11,36,
0.357,6,5.43,143.3,35,4.75,21,193.6,1.92,10,4,35,
0.379,16,6.49,216.8,36,4.59,20,160.5,2.38,15,7,32,
0.347,17,7.47,211.5,35,3.98,15,138.5,2.92,9,6,57,
0.436,23,7.23,268.1,43,4.16,28,167.7,1.21,21,9,34,
0.268,23,7.55,186.4,35,4.43,17,143.1,2.23,4,8,40,
0.287,9,6.51,174.3,24,2.12,10,64.8,1.31,16,9,29,
0.418,21,6.53,189.8,39,4.57,17,180.6,1.69,10,7,37,
0.466,7,7,166.8,9,3.77,4,136.5,0.33,5,3,60,
0.534,12,10,211.7,21,6.26,19,248.2,4.33,2,1,44,
0.406,14,6.82,243.5,23,3.17,11,107.6,1.45,11,11,35,
0.378,13,6.1,177.9,28,4.04,14,150.9,1.75,15,9,39,
0.429,6,8.3,202.4,25,5.91,19,270.6,3.6,2,0,48,
0.449,6,6.39,252.5,14,4.47,7,183.2,1.5,5,2,31,
0.468,18,6.78,259.6,36,4.62,21,192.1,3.4,13,3,42,
0.417,33,8.9,314,38,3.97,18,156.1,2.64,6,4,28,
0.354,13,6.49,149.9,16,3.94,5,121.2,0.82,13,9,31,
0.514,17,7.23,237.8,26,4.3,14,163.1,1.9,9,6,30,
0.391,13,8.22,295.9,22,3.94,12,145.9,3.57,6,6,49,
0.392,12,7.05,203,32,4.44,20,180.4,3.44,12,2,49,
0.271,10,6.92,209.6,27,4.02,13,163.7,2,3,5,37,
0.404,18,7.71,245.5,36,4.71,21,171.4,2.55,9,6,45,
0.514,12,7.46,165.6,24,6.33,16,310.2,2,0,0,43,
0.313,8,6.99,201.6,20,3.92,10,157.4,0.14,6,6,27,
0.392,15,6.34,197.5,19,3.43,8,119.9,1,8,11,35,
0.407,7,7.5,196.8,12,4.45,7,170.2,3.75,3,1,34,
0.449,15,9.43,297.2,19,3.13,7,130.5,2.33,8,3,40,
0.464,10,7.47,205.5,21,5.86,15,214,2.67,5,2,33,
0.357,6,5.48,192.3,21,3.32,9,122.1,1.22,15,9,31,
0.304,11,6.94,198.6,20,2.79,8,99.8,1.64,13,10,28,
0.374,11,6.62,202.8,24,4.19,13,137.9,1.09,14,11,26,
0.338,7,5.85,220,12,4.9,7,156.8,1.2,4,4,40,
0.403,5,8.2,250.2,16,2.47,8,108.5,3,1,1,42,
0.413,22,7.94,231.6,37,5.08,31,213.2,3.36,9,2,46,
0.372,17,7.45,246,35,5.16,23,201.3,2.56,10,3,55,
0.373,14,8.11,251.5,20,5.23,12,238.7,2.83,3,2,43,
0.405,6,6.69,187.2,20,5.19,11,235.6,3.8,2,0,29,
0.4,9,6.35,187.7,16,4.15,6,154.6,2.22,6,5,33,
0.409,25,7.62,258.3,34,3.94,13,146.5,1.73,9,8,36,
0.465,16,8.12,257.1,35,5.12,25,199.2,3.22,8,3,25,
0.485,8,7.42,217.7,21,5.22,14,212.3,4,4,3,34,
0.343,16,6.84,213.5,32,3.45,14,112.2,1.23,18,8,38,
0.373,13,7.08,253.4,19,2.27,7,69.3,1.89,9,7,50,
0.367,21,7.43,284.1,31,3.85,15,140.2,1.22,10,5,42,
0.467,22,7.59,270.1,41,4.42,21,189.2,2.3,6,3,60,
0.417,12,6.72,197.1,27,5,17,211.7,3.11,12,5,55,
0.379,16,7.76,231,27,4.27,12,167.5,2.25,3,3,32,
0.43,18,8.93,239,33,5.14,17,230.1,1.88,7,2,37,
0.367,11,6.85,226,11,4.01,6,135.7,1.14,17,6,49,
0.403,9,6,206.1,16,2.84,8,107.6,1.38,11,6,37,
0.345,14,7.49,238.4,24,3.15,9,104.6,1.36,8,8,44,
0.418,20,7.81,223,41,5.81,24,236.2,5.22,4,0,51,
0.401,20,7.58,267.5,38,4.73,20,177.2,1.4,7,4,49,
0.438,2,7.12,162,16,6.16,19,262,1.25,3,3,38,
0.426,17,6.97,220.3,30,4.36,16,166.7,1.7,13,4,32,
0.323,14,6.11,171.6,20,4.04,11,129.6,2.1,10,9,47,
0.438,8,5.51,166.9,29,4.24,19,180.9,0.9,15,9,45,
0.475,18,7.84,229,37,4.87,26,198.3,2.9,9,5,41,
0.396,15,7.2,189.2,34,4.77,19,179.9,2.73,5,4,46,
0.373,24,9.73,323,35,4.88,18,169,2.5,13,5,35,
0.345,8,6.3,183.9,16,2.78,6,95.5,1.2,5,7,33,
0.417,6,6.06,200,20,4.87,14,230,3.2,2,2,31,
0.519,10,7.58,208.5,17,6.47,11,273.5,2.5,0,0,47,
0.36,24,7.43,289.2,32,3.86,13,145.1,1.82,12,8,39,
0.381,16,6.65,226.8,34,4.77,15,180.6,2.9,7,8,46,
0.462,6,9.34,267.7,6,3.47,5,126,1.33,2,2,55,
0.462,12,7.37,255.5,25,4.16,14,178.8,1.33,2,2,27,
0.383,8,6.79,239.4,25,3.93,20,157.3,2.29,5,2,37,
0.536,19,7.18,224.1,32,5.23,21,221.9,2.56,8,3,43,
0.408,11,7.61,208.7,26,6.3,16,207.1,1.86,5,3,57,
0.392,22,7.43,255,27,3.57,9,125.3,3,9,3,48,
0.376,21,7.9,245.8,34,4.53,19,162.2,1.6,4,5,41,
0.381,11,7.86,180.8,40,4.94,23,204.7,2.3,3,3,32,
0.376,20,7,254.6,39,4.08,16,163.5,2.64,10,8,38,
0.405,10,7.2,217,30,4.17,15,169.5,2,5,3,35,
0.356,13,6.8,239.6,24,3.97,12,138.1,2.22,6,7,46,
0.427,18,9.05,283,16,4.77,9,164.1,2.29,6,2,35,
0.379,17,7.39,248,34,4.08,20,147.8,2.73,8,8,38,
0.472,25,8.13,252.9,45,6.1,32,269.2,1.7,7,4,35,
0.311,11,9.2,245.3,20,4.75,13,173.5,2.33,5,0,26,
0.314,7,4.96,182.2,17,4.65,4,156.5,1.5,14,6,31,
0.294,10,6.9,224.5,24,3.7,12,110.5,2.18,7,10,44,
0.341,3,6.37,195.3,8,4.8,3,193.7,3,5,2,38,
0.341,9,7.03,261.3,15,3.35,6,96.7,3,6,6,38,
0.277,11,6.69,243,28,3.06,17,90.6,2.2,13,8,35,
0.263,15,6.62,205.2,21,4.05,12,160.5,2.4,6,7,19,
0.475,19,8.54,324.4,41,5.42,26,211.2,1.89,5,4,0.848,
0.381,7,6.87,249.7,21,4.21,13,159.8,1.67,5,4,0.892,
0.467,10,7.75,224.7,25,5.56,18,217.6,1.71,5,2,0.872,
0.37,15,6.72,198.6,25,3.67,13,130.2,3.11,4,4,0.775,
0.353,23,7.18,246,24,2.65,11,93.5,2.36,14,6,0.915,
0.437,9,7.94,254.2,26,3.43,12,144.8,2,3,2,0.793,
0.409,5,7.78,200.8,8,4.12,5,140.8,3.4,6,2,0.784,
0.388,21,7.86,245.4,34,4.51,14,203.7,2.44,8,3,0.824,
0.298,11,5.66,185.2,19,3.05,5,98.2,2.12,8,4,0.855,
0.39,7,6.54,227.1,15,3.16,7,111,1,3,7,0.782,
0.434,22,7.56,241.9,35,4.21,19,180.3,2.1,7,7,0.75,
0.413,15,8.65,261.9,43,4.66,22,174.5,3.64,7,4,0.821,
0.484,21,8.83,256.1,41,4.91,23,195.4,2.7,8,2,0.766,
0.5,21,7.64,229.1,36,4.95,20,212.3,3.33,10,1,0.786,
0.392,14,6.94,216.3,15,4.24,4,153.3,2.5,9,5,0.945,
0.479,24,7.51,220.8,30,4.49,17,180.9,2.4,6,3,0.87,
0.513,12,8.33,216.7,25,5.46,12,222,1.67,2,4,0.725,
0.474,19,7.51,254.8,40,4.56,24,209.1,3.45,13,1,0.814,
0.329,18,7.25,223.4,22,3.63,9,127.5,2.3,8,6,0.811,
0.44,18,9.24,224.4,23,4.82,15,208.6,1.71,3,1,0.842,
0.476,15,8.46,265.8,38,3.68,15,141.6,2.9,5,3,0.881,
0.366,17,6.86,274.2,36,3.59,13,135.6,2.22,8,6,0.805,
0.352,16,7.24,224.3,20,3.33,6,92.2,0.44,9,8,0.739,
0.492,26,7.86,270.4,55,5.12,29,224.5,2.25,7,2,0.895,
0.414,17,7.3,258.5,42,4.41,24,186.4,1.6,5,4,0.864,
0.274,12,7.13,233,18,3.69,6,129.2,2.5,4,4,0.825,
0.381,16,7.33,238.5,34,4.09,17,166.6,2,8,5,0.714,
0.4,27,8.47,278.7,31,3.41,16,143.3,2.92,9,6,0.965,
0.328,9,6.23,194.8,22,3.56,7,146,2,6,6,0.872,
0.298,15,5.47,173.2,21,3.98,5,137.9,0.44,8,6,0.844,
0.432,26,8.55,299.2,39,4.34,17,192.6,2.2,9,6,0.852,
0.458,13,7.3,274.1,28,3.6,14,135.7,1.71,9,3,0.854,
0.57,20,9.92,215.3,35,5.41,29,249.3,2.7,4,0,0.859,
0.468,6,8.36,227.2,30,6.35,22,255,4.83,2,0,0.879,
0.343,8,6.73,257.2,15,3.82,7,107.8,1.4,7,3,0.774,
0.463,14,8.15,260.7,19,5.35,14,224.7,2.33,2,1,0.714,
0.389,19,8.56,240.9,26,4.1,14,140.4,1.5,2,3,0.878,
0.392,20,7.42,228.1,33,4.09,14,152.7,2,11,7,0.927,
0.439,24,8.86,296.4,29,5.69,19,191,2.11,2,0,0.844,
0.417,19,9.42,304.4,30,3.74,14,138.5,2,11,5,0.919,
0.405,19,7.52,266,38,4.92,24,181.5,2,12,5,0.771,
0.43,16,7.65,265.9,29,4.76,15,191,3.25,12,4,0.857,
0.423,5,6.32,185,11,4.54,8,161.2,0.25,3,3,0.775,
0.481,11,8.08,307,16,4.99,9,154.8,2.25,2,1,0.891,
0.394,12,6.21,171,14,3.63,8,126.2,2,10,5,0.855,
0.395,12,6.15,170.1,29,4.19,19,166.3,2.27,5,5,0.829,
0.396,12,7.31,242.3,25,4.12,13,157.3,1.17,2,4,0.825,
0.254,9,6.14,169.8,9,3.39,1,93.7,2,4,3,0.824,
0.362,8,6.83,202.7,12,3.4,7,125.3,2.67,4,2,0.842,
0.405,21,7.55,219.1,31,3.49,11,100.5,0.31,7,11,0.78,
0.53,23,7.89,200.4,49,4.53,28,213.5,4.83,5,0,0.8,
0.357,15,5.94,187.2,27,3.82,9,137.2,0.92,17,11,0.815,
0.307,20,6.36,206.7,27,3.73,14,129.4,1.29,14,13,0.825,
0.47,26,8.09,289.8,48,4.75,27,181.6,2.75,11,4,0.912,
0.411,24,7.5,268.2,31,3.51,15,125.1,2.54,13,8,0.81,
0.455,25,8.06,229.2,41,5.47,29,221.5,1.58,6,2,0.932,
0.379,23,7.41,262.8,47,5.03,32,215.5,3.08,12,8,0.875,
0.448,16,7.13,178.9,33,4.59,21,163.4,1.15,7,5,0.774,
0.299,21,6.14,213.8,28,3.54,10,123.2,1.38,10,9,0.745,
0.411,11,7.52,245.1,45,4.44,34,179.6,2.42,15,5,0.899,
0.388,15,6.28,217.6,42,3.66,16,142.9,2.71,17,11,0.741,
0.389,20,6.9,233.6,35,3.48,19,112.7,1.93,10,12,0.822,
0.464,29,8.14,285.5,48,4.77,19,193.2,1,10,6,0.739,
0.442,24,9.06,224.3,43,5.82,36,242.8,1.17,7,3,0.836,
0.337,18,7.3,197.8,28,2.86,15,94.2,0.62,11,8,0.805,
0.404,22,7.36,226,36,4.23,14,167.5,2.23,15,7,0.82,
0.405,16,7.1,264.2,42,3.56,16,126.3,3.62,8,8,0.738,
0.337,25,7.56,240.2,46,3.49,20,122.8,1.5,13,8,0.833,
0.417,23,7.82,189,42,4.89,27,191.9,1.62,9,7,0.817,
0.382,17,6.9,222.8,37,3.63,15,138.6,2.5,16,11,0.871,
0.309,14,5.97,172.3,25,3.24,10,116.1,1.2,19,14,0.881,
0.466,25,8.18,223.5,36,4.44,23,160.1,1.67,11,5,0.884,
0.474,28,8.52,288.3,36,4.51,21,153.6,1.75,11,5,0.852,
0.357,19,6.9,181.6,38,4.75,23,195.8,2.25,6,4,0.842,
0.372,21,6.76,199,38,4.34,19,180.6,2.33,9,5,0.824,
0.424,24,8.46,261.6,41,5.06,28,207.8,1.42,11,4,0.868,
0.448,21,8.08,236.2,40,4.66,30,194.2,1.77,11,6,0.866,
0.393,16,6.6,195,45,5.02,26,198.6,1.08,12,6,0.864,
0.313,23,6.95,238.7,30,3.81,17,135.5,2,22,11,0.757,
0.364,14,6.74,202.1,23,3.19,9,102.8,1.92,16,11,0.897,
0.404,19,7.14,276.7,55,3.58,18,147.5,3.69,8,6,0.68,
0.421,20,7.17,259.2,45,4.33,24,160.6,1.92,11,4,0.769,
0.337,28,7.83,242.8,41,3.79,18,136.3,2.08,9,7,0.813,
0.316,16,5.62,201.1,19,2.62,2,74.6,1.07,8,12,0.756,
0.453,27,8.54,237.9,49,5.4,33,217.6,1.46,9,7,0.86,
0.452,18,7.53,207.7,48,4.79,27,215.3,2.33,7,3,0.825,
0.412,23,7.08,228.5,46,5.58,37,202.8,1.8,14,10,0.855,
0.399,29,8.44,288.4,40,5.19,24,179.1,2.92,8,4,0.846,
0.372,21,7.8,212.9,44,4.28,19,195.5,3,12,6,0.784,
0.352,20,7.05,213.7,34,3.92,17,138.5,2.08,7,8,0.8,
0.379,14,6.1,195.7,23,3.5,6,112.5,1.77,12,10,0.857,
0.414,22,6.77,229.8,33,3.99,13,139.5,1.38,6,7,0.878,
0.523,22,7.96,249.5,53,4.91,32,225.7,1.92,6,3,0.8,
0.28,12,7.54,202.9,33,5.05,19,165.5,1.92,11,8,0.852,
0.454,18,8.52,228.8,52,5.09,34,244.7,3.15,7,7,0.818,
0.392,9,6.18,167.8,26,4.6,21,156.8,1.31,8,8,0.905,
0.424,25,8.24,230.8,41,5.73,31,252.7,1.33,10,5,0.92,
0.423,27,7.41,219.5,42,4.56,18,189.7,2.15,12,8,0.873,
0.362,11,6.75,197.7,31,4.47,21,174.1,1.07,10,11,0.762,
0.349,14,6.75,240.5,33,3.73,19,137.2,2.23,17,10,0.894,
0.379,31,7.5,234.2,43,5.37,27,205.8,3,7,8,0.914,
0.296,20,6.41,222.7,31,3.72,19,120.8,2.33,17,15,0.795,
0.391,16,7.34,231.6,37,4,23,148,1.92,10,8,0.733,
0.433,23,8.04,271.3,56,4.26,27,177.9,3.17,10,3,0.778,
0.514,32,9.89,262.1,61,6.54,50,299.1,2.25,10,1,0.839,
0.395,15,6.64,195.9,46,4.48,27,187.6,1.93,11,12,0.88,
0.371,16,6.7,195.2,29,3.17,13,114.6,3.92,10,6,0.935,
0.404,26,6.72,209.2,42,4.18,24,172.7,2.21,11,8,0.846,
0.324,16,6.99,185.5,27,3.16,20,121.7,1.92,9,9,0.882,
0.348,24,6.7,207.8,29,3.36,11,113.8,1.38,12,7,0.9,
0.436,23,7.67,265.3,40,4.92,19,194,1.83,8,4,0.931,
0.376,14,6.71,184.2,32,3.7,18,122.4,2.31,14,11,0.831,
0.387,22,8.72,246.8,42,4.34,25,152.4,2.38,10,6,0.807,
0.331,15,6.18,179.3,25,3.77,12,132.8,2.25,8,6,0.863,
0.327,19,7.9,208.3,30,3.17,13,105.8,1.31,12,11,0.956,
0.41,24,7.44,255.5,42,3.87,21,143.4,1.5,4,4,0.845,
0.401,14,6.62,200.8,40,4.82,25,188.1,2.33,11,5,0.875,
0.351,31,8.01,250.8,39,4.31,18,149.2,2.54,11,7,0.727,
0.422,34,9.36,321.4,45,4.32,22,164.3,1.5,4,2,0.853,
0.451,21,7.32,220.8,49,6.06,35,259.2,2.58,5,2,0.842,
0.372,18,7.09,229.6,36,3.95,19,143.5,2.85,14,7,0.885,
0.418,14,7.13,222.3,41,4.66,31,188.6,2.17,4,4,0.962,
0.34,18,7.54,208.6,39,4.95,25,177.9,2,4,5,0.875,
0.406,17,6.63,198.8,35,3.77,14,136.9,1.92,7,3,0.719,
0.323,13,5.86,168.5,29,3.83,12,153.1,1.23,9,11,0.863,
0.395,21,7.38,237.4,37,4.66,21,166.3,1.62,5,7,0.881,
0.291,9,5.56,156,19,2.98,14,103.7,2.5,15,13,0.767,
0.322,27,7.29,222.4,45,4.09,20,134.1,1.64,7,12,0.775,
0.393,23,7.38,253.8,39,4.3,18,158.5,2,12,8,0.81,
0.394,20,8.28,223.5,44,3.83,22,147.6,4.33,9,1,0.822,
0.399,20,7.69,278.3,33,3.91,16,138.5,1.75,10,4,0.905,
0.332,18,6.09,220.1,30,3.27,5,108.9,1.79,20,12,0.764,
0.444,28,7.99,276.2,40,4.34,21,169.5,2.08,8,5,0.737,
0.36,10,7.25,251.5,27,2.55,13,95,2.46,10,11,0.816,
0.333,19,6.14,204.5,37,2.99,12,108.5,2.23,9,8,0.791,
0.406,20,7.66,243.8,38,4.74,25,192.5,2.33,9,4,0.692,
0.455,18,8.34,241.9,29,3.99,19,138.3,2.83,6,3,0.75,
0.442,25,8.13,232.5,43,4.88,29,201.1,2.17,6,2,0.902,
0.341,10,6.16,212.4,24,2.75,8,75.4,1.62,18,10,0.841,
0.472,16,7.47,211.7,41,4.82,30,232.1,1.17,16,5,0.857,
0.376,34,7.78,288.6,41,3.89,16,156.4,1.31,9,10,0.83,
0.413,22,7.97,216.6,47,4.4,17,192.2,2.33,9,2,0.75,
0.383,23,6.99,235.3,30,4.21,9,158,2.08,12,4,0.833,
0.463,15,7,189.5,29,4.45,27,208.6,3.75,12,4,0.976,
0.407,24,6.96,246.2,42,4.51,19,162.5,2.15,9,8,0.938,
0.311,27,8.41,236.7,30,3.45,14,115.8,1.77,10,7,0.968,
0.452,27,8.12,279.5,41,4.46,17,150.8,2.42,8,4,0.917,
0.427,21,7.41,262.5,34,4.91,26,201.6,4.17,13,5,0.887,
0.349,22,6.66,199.7,36,4.03,16,137.3,2.5,16,5,0.763,
0.379,21,6.25,218.9,35,3.82,19,158.9,1.62,8,8,0.964,
0.393,14,6.73,194,37,3.7,17,140.5,1.62,15,8,0.667,
0.391,28,7.91,292.5,45,4.13,13,138.9,2.77,12,8,0.889,
0.316,19,6.41,209.5,31,4.07,13,130.7,2.62,10,8,0.698,
0.462,24,7.38,199.3,45,4.74,25,217.8,2.5,7,3,0.875,
0.417,21,9.17,307.8,41,4.39,24,172.5,1.5,14,4,0.805,
0.42,19,8.15,257.3,39,5.43,31,218.4,2.42,7,6,0.889,
0.463,26,8.42,276.3,39,4.25,24,157.8,2.25,11,5,0.864,
0.39,23,6.8,220.7,40,4.32,18,156.3,2.15,12,7,0.796,
0.341,14,7.42,209.7,33,4.48,29,185.1,3.25,5,4,0.865,
0.283,22,6.12,183.6,38,3.47,13,118.2,1.79,7,9,0.938,
0.293,17,5.91,199.5,36,3.49,14,146.6,1.85,13,10,0.846,
0.442,32,9.21,310.8,39,4.25,21,145.5,3.08,5,4,0.64,
0.5,28,8.51,243.3,49,5.87,34,223.6,2.75,7,2,0.929,
0.39,16,7.44,256.2,42,5.14,28,186.2,2.42,9,4,0.833,
0.301,16,6.02,187.4,23,3.04,9,81.8,1.86,14,11,0.929,
0.463,20,7.66,238.6,50,4.3,29,201.9,1.77,11,7,0.852,
0.523,27,8.25,229.6,49,5.6,25,201.3,2.92,5,1,0.847,
0.379,21,8.17,230.8,46,5.27,28,198.3,2.58,6,4,0.768,
0.391,23,8.41,227.8,37,5.3,25,208.8,2.33,6,3,0.8,
0.36,23,8,233.7,37,3.89,23,138.1,2.93,12,9,0.757,
0.371,21,6.6,224,31,3.96,18,139.3,2.23,14,8,0.83,
0.318,26,7.57,252.8,43,4.24,16,163.7,1.77,14,8,0.903,
0.372,13,6.34,222.2,34,3.81,15,126.4,1.69,13,8,0.907,
0.42,23,8.72,267,41,4.94,27,185.5,1.54,10,6,0.85,
0.399,20,7.74,239.9,42,3.81,20,159.4,1.75,8,5,0.841,
0.297,17,7.18,199.9,25,3.73,11,135.5,1.54,11,9,0.824,
0.415,21,7.13,238.1,44,4.74,18,181.6,1.38,13,7,0.8,
0.273,18,6.32,187.4,26,3.29,11,99.8,1.43,12,10,0.805,
0.375,15,7.19,256.7,31,2.92,10,107.1,1.62,12,8,0.862,
0.418,23,8.98,244,25,3.46,17,116.9,0.58,7,5,0.906,
0.37,13,6.25,191.1,43,4.45,24,197,2.83,10,4,0.843,
0.342,22,6.4,198.3,30,3.53,11,121.3,1,14,14,0.733,
0.317,8,5.69,162.1,24,3.45,12,125.9,1.38,17,11,0.756,
0.411,27,7.35,269.5,37,4.2,24,162.5,1.67,7,5,0.822,
0.416,20,7.45,233.8,39,4.32,17,170.5,1.23,12,7,0.719,
0.383,22,8.48,245.3,47,4.2,25,167.8,2.67,5,2,0.82,
0.358,23,6.84,177.8,29,4.76,21,191.8,1.85,12,8,0.838,
0.266,17,7.48,188.8,23,3.86,12,106.8,0.23,5,11,0.889,
0.347,16,6.76,219.5,29,3.72,9,135.9,1.77,14,8,0.8,
0.428,13,7.15,210.4,48,5.14,36,239.8,2.25,12,4,0.881,
0.441,25,7.64,242.1,33,5.42,25,183.5,3,7,7,0.913,
0.311,17,7.93,233,31,3.65,16,122.9,2.46,7,10,0.919,
0.374,17,6.73,247.9,36,3.77,19,154.9,1.92,18,7,0.897,
0.449,21,7.68,167.6,45,5.88,42,280.5,2.42,6,3,0.903,
0.374,24,6.73,194.2,31,4.14,22,161.1,1.07,14,10,0.893,
0.374,13,5.87,194,37,3.67,22,130.1,2.23,9,7,0.857,
0.347,13,5.88,175.1,30,3.61,13,142.1,2.77,21,7,0.953,
0.393,11,5.91,150.7,37,4.43,28,204.7,3,10,1,0.893,
0.373,20,8.37,231.7,33,3.45,17,105.7,3.17,9,5,0.886,
0.284,19,6.12,190.5,26,3.38,9,113,1.92,12,11,0.898,
0.285,13,6.36,189.6,26,2.51,8,96.3,1.13,12,15,0.771,
0.455,20,8.54,206.4,39,6.5,32,244.4,3.08,4,5,0.894,
0.366,23,6.97,234.7,36,3.74,12,145.6,2.83,8,5,0.741,
0.393,30,9.17,232.4,40,5.33,20,219.5,2.5,7,3,0.8,
0.4,17,6.2,199.5,34,4.98,27,209.3,2.31,4,8,0.837,
0.389,31,8.44,270.1,41,4.29,22,169.8,2.08,5,3,0.655,
0.375,12,5.71,150.2,35,4.56,19,203.5,3,13,7,0.863,
0.402,19,6.76,194.1,41,4.86,20,192.2,0.62,17,9,0.737,
0.417,22,7.55,238.4,39,4.69,27,189,1.17,11,5,0.853,
0.374,16,6.18,180.8,29,4.29,13,162.5,1.38,14,10,0.803,
0.365,30,7.15,268.7,48,3.52,16,147.7,3,12,5,0.729,
0.34,15,5.93,189.4,17,3.65,8,132.2,0.86,19,12,0.818,
0.385,14,7.29,216.5,35,3.93,21,140.5,1.46,15,10,0.898,
0.34,13,5.97,180.3,33,4.02,18,134,1.43,8,11,0.83,
0.493,26,9.51,238.5,40,6.56,30,251,2.08,6,2,0.889,
0.507,24,7.57,211.3,40,4.66,22,158.3,1.23,12,7,0.822,
0.424,28,8.33,235.1,53,4.92,35,204.6,3.29,5,8,0.8,
0.464,19,7.62,275.5,58,4.65,42,220.9,2.31,14,8,0.787,
0.446,30,8.49,263.1,43,5.96,31,245.3,2.25,15,4,0.857,
0.42,27,7.82,240.6,44,4.59,17,183.2,2.25,13,5,0.757,
0.343,19,5.95,184.1,23,3.27,9,109.5,1.23,20,9,0.694,
0.418,23,6.92,234.2,35,3.26,10,115,2.38,8,8,0.851,
0.456,23,8.2,246.8,38,4.4,21,171.8,2.58,16,3,0.818,
0.448,20,6.96,245.8,36,4.85,14,157.7,2.83,11,5,0.861,
0.404,20,8.42,247,44,4.87,38,220.3,3.58,9,2,0.884,
0.382,14,6.44,186.3,30,4.27,12,151.6,2.15,9,10,0.896,
0.431,25,8.9,247.1,37,4.53,19,182.7,1.83,5,6,0.845,
0.452,22,8.72,216.8,51,4.96,37,219.1,1.93,8,7,0.868,
0.353,16,6.4,191.6,31,3.96,23,149.7,2.54,13,8,0.738,
0.519,25,8.53,206.3,52,6.02,40,277.3,3.58,6,2,0.86,
0.354,18,5.79,200.1,34,3.87,15,138.6,2.69,17,10,0.873,
0.317,17,6.71,234.5,39,2.95,14,104.2,1.54,12,9,0.875,
0.391,19,7.31,206.5,39,4.38,20,183.9,2.5,18,5,0.75,
0.424,25,9,210,54,5.83,38,274.8,3.25,12,4,0.824,
0.396,24,7.46,256.4,45,4.09,32,171.8,1.71,9,8,0.838,
0.253,11,5.56,135.6,32,3.54,15,143.3,2.08,16,7,0.788,
0.399,21,6.87,208.5,35,4,19,159.7,1.67,8,6,0.772,
0.337,14,5.8,147.8,28,3.68,15,127.4,1.77,11,10,0.946,
0.302,14,6.14,225.2,24,2.58,8,77.9,2,14,7,0.833,
0.454,27,6.91,213.2,37,4.32,17,164.6,3,16,8,0.87,
0.369,21,6.75,212.4,28,5.17,20,173.4,2.08,11,7,0.868,
0.266,8,5.49,168,25,2.87,7,95.1,1.92,13,8,0.74,
0.342,24,7.65,262,40,3.7,11,126.5,1,10,8,0.843,
0.465,24,8.48,234.8,42,5.08,33,191.5,1.54,9,3,0.855,
0.333,18,7.48,261.1,36,4.22,18,131.5,0.85,10,9,0.971,
0.432,15,6.71,237.8,45,5,29,195.8,2.33,11,4,0.913,
0.305,28,7.11,245.5,33,3.62,14,142,1.31,11,8,0.952,
0.433,23,8.49,256,51,4.86,30,217,2.25,9,3,0.823,
0.464,20,7.66,207.5,48,5.06,38,268.4,3.33,7,3,0.852,
0.438,17,7.27,228.8,40,5.05,28,218.8,0.91,7,2,0.844,
0.35,18,7.08,254.8,35,3.49,20,119.8,2.15,18,9,0.878,
0.389,17,7.24,247.8,41,2.7,16,109.2,3.07,8,8,0.838,
0.366,21,7.24,261.2,36,3.8,14,129.6,2.57,12,9,0.78,
0.389,10,5.57,207.9,27,3.84,16,139.5,1.92,12,12,0.879,
0.438,24,7.82,253.8,32,4.33,17,137.1,1.54,16,9,0.811,
0.327,18,7.02,245.2,38,4.52,26,158.2,1.64,11,13,0.833,
0.464,28,8.43,294,50,4.08,33,159.8,1.36,6,12,0.745,
0.376,27,7.68,267.1,39,4.62,26,185.4,2.62,5,7,0.837,
0.4,25,7.52,255,35,5.2,31,216.4,2.67,9,4,0.805,
0.405,26,7.95,261.7,52,5.09,25,221.8,2.67,7,5,0.8,
0.371,24,6.93,241.6,41,3.73,13,144.3,1.69,17,9,0.758,
0.5,33,8.29,254.9,46,6.78,37,281.8,4,3,2,0.846,
0.336,14,5.67,181.5,27,4,16,169,2.38,13,9,0.718,
0.4,24,7.15,209.3,42,4.81,24,178.3,2.36,9,7,0.769,
0.364,22,7.66,284.7,45,4.37,25,167.9,2.31,11,6,0.81,
0.42,28,9.29,280.1,48,4.8,31,166,1.85,8,2,0.8,
0.486,21,6.33,186.7,35,5.25,25,214.8,1.33,9,1,0.88,
0.415,18,7.48,230.8,34,2.98,16,103.8,2.54,10,7,0.895,
0.411,31,8.15,283.9,47,4.72,23,211.2,3.25,13,1,0.842,
0.477,23,7.28,232.9,40,4.32,22,196.9,2.58,11,5,0.821,
0.374,26,9.21,245.7,51,5.03,33,203,2.08,12,3,0.851,
0.39,12,7.05,229,51,4.46,29,195.3,1.77,6,7,0.865,
0.414,15,7.09,199.1,43,5.12,36,247.5,2.92,11,7,0.784,
0.399,20,6.57,223.3,27,4.3,20,164.8,2.25,4,5,0.816,
0.344,13,5.77,175.6,23,3.35,10,102.7,3,14,6,0.833,
0.377,14,7.36,264,39,3.99,17,146.1,1.85,11,9,0.839,
0.286,20,7.41,264.1,39,4.33,20,162.5,2.85,18,10,0.781,
0.315,17,6.38,199.6,30,3.61,19,138.6,1.23,12,7,0.895,
0.421,23,5.56,187.4,40,4.03,22,185.2,1.38,18,8,0.929,
0.39,21,7.62,222.9,41,4.14,20,154.5,1.92,9,5,0.9,
0.443,26,7.38,261.4,39,3.78,18,131.4,2,12,10,0.865,
0.302,26,8.19,253.2,28,3.23,14,95.2,2.69,7,9,0.793,
0.39,15,6.23,201.6,38,4.55,19,182.3,2.42,6,3,0.842,
0.377,28,7.97,288.3,36,4.09,16,160.6,2.08,12,5,0.877,
0.344,20,7.1,255.1,34,4.65,31,177.2,2.31,12,7,0.861,
0.387,19,7.35,219.2,34,3.29,16,128.7,2.08,18,10,0.818,
0.337,25,7.38,259.5,35,3.88,20,147.3,2.69,12,7,0.855,
0.458,11,6.76,174.6,43,5,26,233.1,3.25,9,3,0.911,
0.26,14,6.42,181.1,29,3.44,13,118.1,1.64,9,11,0.75,
0.419,16,6.65,211.4,33,4.68,17,222.3,1.46,14,12,0.775,
0.48,19,7.94,245.5,51,4.6,31,199.4,2.67,11,3,0.9,
0.5,33,10.69,282.4,62,7.67,45,335,2.33,5,1,0.816,
0.411,29,8.43,267.6,50,4.85,24,186.6,2.58,10,4,0.735,
0.333,18,6.43,215.3,27,2.88,14,100.3,2.29,15,9,0.896,
0.33,18,6.76,236.5,35,3.5,12,143,0.77,22,11,0.854,
0.369,21,7.41,198.9,43,4.95,22,195.8,3.5,5,1,0.806,
0.404,25,9.44,275.3,42,4.14,20,160.3,3,9,3,0.883,
0.456,22,7.58,244.2,44,4.96,19,194.7,1.69,13,6,0.78,
0.403,12,6.38,183,28,4.34,15,147.5,2.46,17,8,0.935,
0.388,18,7.59,228.4,41,5.46,33,210.3,2.15,7,6,0.854,
0.422,26,7.07,266.1,37,4.76,31,192.5,2.62,6,7,0.889,
0.379,12,5.82,190.1,32,3.53,13,116.1,1.71,11,10,0.854,
0.36,17,7.25,218.1,35,4.11,21,141.5,1,12,11,0.977,
0.361,22,7.98,258.7,39,3.94,17,147.7,2.42,15,8,0.877,
0.372,17,7.35,248.8,40,4.55,19,172.8,2.67,12,3,0.829,
0.348,30,8.75,220.8,50,4.45,27,165.8,1.54,9,7,0.865,
0.376,14,6.83,189.1,37,4.44,17,155.1,1.85,14,8,0.814,
0.392,15,5.99,196.7,31,3.67,17,129.5,2,10,6,0.881,
0.423,16,8.45,171.1,38,5.93,31,222.8,1.83,5,5,0.871,
0.342,24,7.26,237.4,44,5.03,24,205.4,2.71,19,7,0.947,
0.346,8,5.45,165.7,24,2.72,9,94.7,1.93,19,13,0.873,
0.331,14,7.02,205.1,32,3.89,14,137.5,0.62,18,9,0.886,
0.467,25,7.54,286.1,48,4.61,32,185.1,1.46,19,7,0.851,
0.422,20,7.79,274.9,45,4.89,31,174.8,3.15,11,7,0.825,
0.475,23,8.4,242.2,48,5.02,28,196.1,2.92,8,4,0.775,
0.33,18,7.3,241.4,25,3.55,17,136.1,2.75,14,7,0.822,
0.401,14,7.56,176.8,24,5.31,23,172.9,0.08,6,10,0.867,
0.329,16,5.96,182.4,30,3.63,11,137,2.57,6,10,0.821,
0.466,29,8.87,233.6,44,5.04,27,188,2.75,6,2,0.851,
0.391,25,8.3,267,39,4.92,22,189.9,3.17,3,1,0.865,
0.382,17,6.33,212.4,35,3.4,20,120.2,2,15,11,0.889,
0.37,10,6.09,191.9,34,4.81,26,190.9,1.15,18,7,0.771,
0.478,22,8.09,253.3,47,5.59,35,253.3,2.42,9,2,0.912,
0.418,18,7.26,203.3,29,4.38,21,194.8,1.42,8,6,0.896,
0.406,19,7.59,225.2,44,3.69,15,147.6,2,8,4,0.793,
0.442,18,7.72,265.8,38,4.15,21,164.1,2.92,14,5,0.889,
0.349,16,6,185.5,38,4.32,24,185.2,1.92,19,8,0.843,
0.436,18,8.09,248.8,43,4.78,26,205.8,1.83,2,1,0.787,
0.433,23,8.03,236.1,40,4.39,19,192.4,1.42,5,4,0.897,
0.293,16,5.72,161.9,23,3.14,5,114.9,2.21,14,12,0.821,
0.422,17,7.15,242.6,40,5.23,23,208,3.25,8,5,0.918,
0.441,21,7.61,244.5,26,5.13,22,187.1,1,12,7,0.844,
0.32,16,7.07,179.4,21,4,16,153.2,2.23,15,7,0.741,
0.52,31,10.42,296.2,50,5.88,36,245.5,1.25,7,3,0.806,
0.368,16,6.8,190.3,37,4.32,17,173.3,1.42,8,5,0.784,
0.384,24,7.58,243.6,42,4.66,23,171.3,2.23,7,8,0.83,
0.394,18,6.54,230.7,37,3.99,22,158.9,1.14,20,11,0.846,
0.331,16,7.96,195.4,29,4.23,16,153.9,3.36,14,4,0.768,
0.362,15,5.78,195.5,35,3.78,19,135.6,2.46,9,7,0.867,
0.348,14,6.29,207.1,33,3.43,13,113.4,0.71,9,10,0.8,
0.392,28,8.32,230.1,31,5.23,21,180.3,2.58,14,2,0.857,
0.329,19,5.8,168.9,31,3.74,8,126,1.47,12,13,0.891,
0.385,23,7.43,251.4,31,4.13,14,136.4,2.08,10,7,0.893,
0.309,17,6.63,200.6,36,4.53,15,153.6,1.82,6,5,0.765,
0.488,29,8.93,248.6,40,5.25,23,210.2,2.5,9,3,0.804,
0.391,10,6.96,274.3,37,3.77,19,147.9,1.42,15,7,0.882,
0.404,16,7.17,222.3,39,4.36,19,168.1,4.17,9,4,0.82,
0.437,20,7.08,199.9,48,4.78,27,218.5,3.5,9,2,0.851,
0.299,18,6.49,179.7,35,3.87,18,160.4,2.42,5,5,0.758,
0.346,19,6.03,212.8,32,4.13,10,144.6,1.92,21,8,0.879,
0.407,23,7.34,238.2,35,3.62,10,128,1.46,12,8,0.787,
0.401,31,9.32,296.8,53,4.19,31,171.6,2.42,4,1,0.826,
0.412,23,7.64,309.1,37,3.58,17,117.7,2,12,8,0.909,
0.315,19,7.75,195.1,41,5.25,31,213.3,3.83,12,2,0.788,
0.405,21,7.66,251.6,42,4.89,23,175.3,2.38,11,7,0.825,
0.46,32,9.43,299.3,46,5.6,32,232.8,1.75,9,4,0.898,
0.485,21,8.49,256.1,52,5.29,39,236.6,2.67,9,5,0.811,
0.414,17,6.69,208.9,30,4.68,21,176.6,1.92,19,7,0.743,
0.413,18,7.59,224.7,34,4.13,24,163.4,2.54,13,8,0.878,
0.354,11,6.45,187.6,30,3.85,16,128.4,2.31,12,9,0.898,
0.36,18,6.64,220.5,30,3.39,13,121.2,0.85,6,8,0.869,
0.495,23,6.76,228.6,47,4.67,29,190.8,2.92,10,4,0.781,
0.372,17,6.82,207,47,4.95,27,197.9,3.83,13,4,0.808,
0.456,31,7.55,282.1,46,4.21,25,184.2,1.62,16,10,0.76,
0.395,19,6.3,217.1,37,3.5,10,145.8,2.23,17,10,0.741,
0.388,19,6.6,200.8,26,4.46,13,166.8,1.83,11,5,0.905,
0.261,11,5.95,150.1,25,3.49,16,120.9,2.77,10,8,0.852,
0.328,15,6.17,202.3,27,3.37,12,95.3,1.62,14,10,0.79,
0.348,18,6.67,223.2,44,3.46,19,134.1,1.92,5,7,0.875,
0.384,16,6.31,174.5,32,4.9,19,172.2,1.83,8,5,0.811,
0.304,13,7.26,174.7,24,3.82,18,131.6,1,13,9,0.762,
0.434,20,7.5,254.5,41,3.98,27,159.6,1,12,7,0.818,
0.425,23,8.42,215.8,40,4.49,18,154.5,1,7,7,0.868,
0.419,22,7.11,253.2,35,3.91,15,131,1,14,9,0.815,
0.431,19,7.32,221.4,50,5.57,33,214.8,2,9,4,0.889,
0.443,24,8.79,263.1,49,4.42,24,208.3,1.33,8,3,0.692,
0.383,28,7.74,240.6,36,4.65,20,157.4,1.25,6,3,0.839,
0.296,21,6.74,234.4,37,4.16,25,166.5,2.46,16,7,0.917,
0.374,22,7.37,223.1,40,4.8,21,213,2.5,7,3,0.857,
0.439,24,7.58,228.9,49,4.81,35,202.5,2.79,8,9,0.911,
0.305,16,6.65,218.5,39,2.97,14,120,2.08,15,8,0.75,
0.361,18,6.55,249.5,30,3.25,13,107.7,2.38,17,10,0.889,
0.353,23,6.27,214.7,38,3.97,9,154.5,2.31,10,10,0.846,
0.299,25,6.84,261.2,37,3.45,11,110.5,1.23,9,9,0.904,
0.321,16,6.13,195.9,29,2.94,13,105.1,1.57,13,12,0.837,
0.38,23,7.47,238.4,43,4.38,24,156.5,1.86,8,12,0.898,
0.388,19,7.59,268.6,39,3.61,23,140.7,1.85,17,10,0.877,
0.454,19,7.53,223.5,40,4.63,30,204.2,1.67,8,5,0.813,
0.415,18,7.45,214.2,51,5.35,29,245.3,2.67,8,6,0.694,
0.333,25,6.73,240.6,38,3.47,19,128.5,1.92,15,7,0.909,
0.532,29,8.28,237.3,58,5.49,35,235.8,1.5,7,1,0.733,
0.349,13,6.12,211.5,27,3.42,14,118,2.23,10,11,0.857,
0.406,24,7.8,254.2,26,4.2,14,142.4,2.58,9,5,0.814,
0.359,21,7.22,242.5,34,3.53,10,132.9,2.54,10,7,0.884,
0.486,20,8.41,233.3,46,5,30,192.6,2.42,3,1,0.831,
0.384,19,7.2,216.8,46,4.59,21,181.8,1.5,12,4,0.881,
0.39,14,6.98,178.7,25,3.75,17,135.8,2.38,14,10,0.796,
0.454,25,7.75,213.9,58,5.41,40,285.4,2.77,6,2,0.791,
0.429,26,8.88,269,43,4.95,33,207.7,1.77,12,7,0.761,
0.426,21,7.58,265.9,43,4.23,15,151.8,2.08,8,4,0.906,
0.398,14,6.68,226,39,3.79,15,141.1,2.23,14,9,0.827,
0.364,17,6.42,232.8,27,3.33,17,126.9,1.5,20,10,0.776,
0.357,22,6.99,237,37,4.35,20,158.6,2.14,16,11,0.764,
0.346,16,6.67,193.5,35,3.77,21,138.5,1.08,9,8,0.912,
0.435,20,7.64,236.1,41,4.59,18,169,1.21,18,9,0.852,
0.311,19,7.79,247.3,26,5.23,28,196.7,2.67,4,4,0.825,
0.313,23,7.31,227.5,25,3.03,8,103.9,1.29,13,11,0.778,
0.383,21,6.95,206.8,46,4.27,18,174.6,1.54,10,7,0.857,
0.452,15,6.95,161.7,45,5.43,29,251.3,2.92,5,4,0.946,
0.271,17,7.41,258.8,35,3.01,14,106.8,2.62,16,7,0.821,
0.347,28,7.48,237.6,49,4.19,19,170.8,2.23,10,7,0.593,
0.361,21,8.98,297.3,43,3.74,21,141.7,3,0,2,0.831,
0.421,33,7.19,282.2,50,4.31,16,161.6,2.23,14,6,0.884,
0.344,20,6.59,207.1,38,4.81,27,177.9,1.57,15,11,0.853,
0.389,20,6.88,231.3,27,2.87,7,105.7,1.15,17,11,0.855,
0.444,19,8.49,225.7,29,5.44,26,210.4,2,13,5,0.952,
0.443,24,9.74,263.9,45,5.86,32,265,2.17,7,2,0.943,
0.364,18,6.36,189.7,32,4.63,19,175.9,1.77,14,8,0.882,
0.408,24,7.4,268.1,34,4.17,16,159.8,1,20,13,0.962,
0.384,19,7.19,196.3,61,5.76,35,287.4,2.23,8,6,0.896,
0.475,34,8.47,333.9,46,4.97,26,185.1,2.92,6,3,0.8,
0.438,16,7.56,219.3,50,5.42,32,239.3,2,7,5,0.804,
0.378,17,6.1,207.1,38,4,14,131.3,3,14,7,0.839,
0.355,17,6.31,182.5,35,4.49,20,216.4,2.15,13,6,0.871,
0.519,24,7.51,212.3,47,5.41,32,234.3,2.08,6,0,0.878,
0.348,13,6.75,160.1,18,3.75,10,127.7,2.36,13,6,0.818,
0.373,16,7.12,194.6,35,4.97,30,198.5,1.58,7,5,0.96,
0.367,18,6.69,165.8,32,4.65,25,199.3,2.38,15,6,0.786,
0.262,16,7.25,199.8,21,3.36,7,119.5,1.77,13,9,0.657,
0.398,20,6.76,271.5,45,4.41,24,185.8,1.54,14,8,0.765,
0.378,10,6.15,197.2,24,2.86,11,100.8,1.54,15,10,0.82,
0.285,11,6.33,170.9,36,4.22,26,152.4,3.38,15,9,0.722,
0.333,24,7.75,241.4,51,4.92,26,204.2,1.46,11,7,0.87,
0.435,11,6.93,206.8,39,4.43,27,170.3,3.69,10,6,0.814,
0.381,18,7.35,222.4,36,4.23,27,156.1,1.83,10,6,0.759,
0.291,11,5.8,163.6,25,3.16,7,98.4,1.5,20,13,0.895,
0.366,11,6.81,174.9,26,3.48,16,160.3,2,20,8,0.898,
0.444,22,7.43,241.3,28,5.05,27,224.7,2.17,8,5,0.864,
0.307,15,5.85,197.9,58,2.01,5,63.9,1.6,16,14,0.739,
0.333,12,5.97,203.8,41,3.94,15,125.9,1.23,20,10,0.959,
0.526,34,7.73,275.2,31,4.7,27,194.2,2.33,8,3,0.833,
0.358,33,8.84,357.4,43,4.9,25,163.1,3.42,9,5,0.745,
0.448,12,7.77,221.2,46,5.91,39,205.5,2.69,10,7,0.787,
0.356,15,6.73,219.5,40,3.57,13,143.4,2.15,11,8,0.763,
0.38,14,6.55,170.2,42,3.88,17,121.2,0.77,17,8,0.7,
0.348,14,6.39,229.2,47,3.74,8,132.8,1.46,11,8,0.891,
0.451,27,7.99,319.7,43,4.46,15,150.6,1.58,7,4,0.83,
0.415,17,7.26,230.2,45,4.21,30,200.7,2,12,7,0.903,
0.315,28,7.02,205.6,32,3.34,15,108.5,2.15,12,7,0.774,
0.448,32,8.63,273.3,36,4.56,28,190.9,2.08,9,4,0.927,
0.462,15,7.67,181.5,22,5.09,29,253.3,1.92,5,2,0.898,
0.373,17,7.64,252.2,52,3.4,14,112.8,2,21,9,0.893,
0.472,30,7.46,245.4,47,6.15,32,272.8,1.33,11,5,0.918,
0.418,33,7,222.9,29,4.64,15,169,2.92,13,6,0.911,
0.419,29,7.5,309.8,35,4.24,24,143.4,2.08,16,4,0.711,
0.479,18,7.2,233.3,30,4.05,17,189.6,2.17,17,4,0.868,
0.281,13,5.65,181.9,64,3.7,20,129.6,1.33,20,14,0.778,
0.327,18,5.74,193.6,52,4.07,14,148.9,2.21,15,10,0.923,
0.397,21,8.93,239.8,33,4.48,19,174.9,2.58,10,4,0.904,
0.429,17,7.96,224.3,34,5.42,34,228.5,2.58,5,3,0.789,
0.419,25,7.48,265.2,51,4.34,23,167.5,1,11,7,0.951,
0.429,22,7.73,235.8,38,5.22,26,198.8,2.58,6,4,0.778,
0.473,24,9.07,268.4,33,5.48,37,245.4,2.08,10,3,0.731,
0.348,8,5.89,148.5,30,3.85,16,144.5,2.15,16,9,0.773,
0.339,18,7.11,221.1,55,3.64,19,128,2.77,15,10,0.839,
0.327,16,7.76,229.5,34,4.5,21,167.1,1,9,5,0.764,
0.368,14,7.05,183.8,38,3.97,24,143.7,1.85,15,8,0.722,
0.391,8,5.88,173.9,23,4.31,25,206.8,1.42,11,3,0.765,
0.492,14,6.87,229.4,35,4.73,24,172.2,1.23,11,9,0.795,
0.342,19,6.81,219.5,55,2.91,16,100.2,2.85,7,9,0.836,
0.423,31,8.23,283.5,51,4.23,17,144.8,1.92,17,9,0.833,
0.446,11,7.24,185.9,24,4.62,35,219.2,1.67,7,3,0.882,
0.329,17,6.85,219.7,35,3.76,20,160.4,2.23,13,6,0.761,
0.35,18,6.53,201.4,36,3.96,10,149.8,2.31,9,8,0.943,
0.448,25,7.32,234.8,38,4.98,23,218.2,2.67,9,3,0.74,
0.356,26,7.39,219.8,27,5.17,27,236.4,2.25,10,2,0.787,
0.374,26,7.48,272.7,57,3.74,11,115,1.92,16,9,0.92,
0.398,16,6.69,196.8,27,4.24,24,189.8,2.83,12,3,0.879,
0.444,20,7.61,206.1,36,5.15,25,228.2,2.15,13,7,0.759,
0.447,22,8.2,220.1,31,5.73,31,260.3,1.58,6,4,0.882,
0.371,18,7.4,249.9,41,3.43,19,129.2,2.77,10,6,0.771,
0.455,33,7.79,274.7,59,3.91,27,146.2,2,9,9,0.891,
0.315,29,6.55,207.1,63,3.1,7,115.2,3.62,15,9,0.898,
0.323,9,6.5,197.2,33,3.28,7,117.3,1.58,9,8,0.816,
0.4,21,8.18,253.7,28,5.01,28,202.3,2.33,8,3,0.818,
0.375,19,7.01,212.3,32,4.76,31,214.8,3.77,5,6,0.789,
0.404,27,7.91,259.6,32,4.71,23,193.1,3.75,4,2,0.776,
0.38,20,6.56,249.7,44,5.03,28,204.9,2.69,16,8,0.771,
0.386,17,6.23,213.8,44,3.43,10,131.8,1.92,8,9,0.879,
0.408,15,6.65,208.8,33,4.01,21,144.4,3.23,14,6,0.855,
0.21,11,5.65,142.5,62,3.22,9,119.2,1.69,13,10,0.735,
0.423,19,7.45,206.2,34,4.14,21,158.7,2.25,8,3,0.842,
0.386,24,6.64,250.8,55,4.48,37,198.7,1.08,11,8,0.824,
0.388,22,6.16,230.9,49,3.38,12,117.8,1.31,9,9,0.714,
0.411,33,7.75,281.5,41,4.76,17,177.5,1.38,14,6,0.87,
0.443,17,7.09,246.8,38,5.26,28,232.8,1.17,15,4,0.945,
0.535,29,8.61,254.1,62,4.61,23,179.9,1.64,7,9,0.877,
0.349,16,6.75,244.2,40,3.33,18,108.6,1.31,10,7,0.907,
0.374,16,6.65,215.8,37,4.44,22,147.8,1.15,16,9,0.859,
0.469,23,8.41,252.4,34,5.34,31,244.3,3,13,3,0.735,
0.426,11,7.16,180.8,46,4.48,28,227.3,1.54,1,8,0.78,
0.477,20,7.35,200.2,33,5.3,31,239.5,3.31,14,5,0.8,
0.378,25,7.23,250.7,41,4.63,24,200.8,0.67,14,5,0.87,
0.365,13,6.95,265.2,31,3.78,20,139.2,3,16,7,0.822,
0.39,14,7.53,196.4,40,4.14,23,182.4,2.33,8,4,0.708,
0.387,25,7.32,255.8,49,2.95,12,104.4,1.36,15,8,0.857,
0.322,11,5.58,172.2,54,3.37,8,124.5,2.15,21,11,0.917,
0.426,29,7.07,269.4,52,4.55,15,162.6,1.62,9,11,0.75,
0.39,22,7.63,252.8,61,4.59,22,193.5,2.46,14,10,0.692,
0.376,21,7.04,226.5,46,4.06,25,157.2,1.46,11,10,0.867,
0.417,15,7.37,214.9,48,5.41,31,246.3,2.17,8,5,0.909,
0.485,29,7.27,271.9,42,5.67,38,246.5,2.42,9,4,0.78,
0.418,15,6.3,211.2,33,5.32,25,218,2.08,7,4,0.889,
0.384,18,6.43,216.6,58,3.84,22,151.3,1.71,10,11,0.842,
0.406,28,7.89,333.2,51,3.57,28,119.6,0.77,9,8,0.844,
0.492,22,7.9,207.4,28,5.25,35,238.4,2.42,12,3,0.821,
0.395,25,10.21,287.7,35,5.45,30,216.8,2.75,5,3,0.909,
0.405,21,7.59,186.5,17,5.7,33,264.2,2.83,8,2,0.843,
0.377,22,7.13,242.5,40,5.07,30,210.5,2.17,18,5,0.6,
0.347,14,7.25,174.6,39,4.77,26,215.2,2.38,10,6,0.862,
0.426,20,6.73,208.7,34,4.8,20,203.2,3.15,15,6,0.902,
0.392,21,7.32,285.5,43,4.48,29,196.5,1.15,15,11,0.786,
0.354,24,6.74,227.5,47,4.05,16,139.6,0.92,14,10,0.783,
0.24,19,7.29,174.9,47,4.56,28,149.9,2.23,10,7,0.857,
0.372,18,6.65,223.6,33,4.11,15,144.5,2.62,14,10,0.81,
0.414,20,8.88,276.1,29,5.43,35,225,3.17,10,4,0.875,
0.436,19,7.26,238.9,48,4.18,23,185.8,2.38,8,6,0.873,
0.347,13,6.23,152.1,54,3.58,17,130.4,2.07,12,10,0.944,
0.379,18,6.94,230.7,43,5,28,218.5,1.92,11,9,0.615,
0.383,22,7.66,258.5,44,4.14,23,189.8,2.67,10,5,0.8,
0.389,16,7.03,250,46,4.35,21,191.8,1.62,12,8,0.829,
0.423,28,8,248.8,27,4.94,33,222.3,3.67,3,2,1,
0.433,28,8.55,315.8,57,5.73,37,238.6,2.5,5,5,0.778,
0.347,24,6.93,220.8,46,4.82,15,175.8,1.08,6,9,0.731,
0.353,20,6.65,246.4,48,3.38,13,120.2,0.62,22,10,0.93,
0.429,17,7.16,205.3,32,4.05,20,159.3,1.75,12,4,0.742,
0.373,16,6.68,250.2,59,4.36,28,176.3,1.85,10,10,0.857,
0.29,16,6.04,200.8,32,3.83,22,169.5,2.77,15,6,0.87,
0.347,12,5.73,210.5,31,4.09,21,171.5,2,15,4,0.8,
0.408,20,7.67,264.7,22,3.91,19,146.1,3.08,7,3,0.947,
0.388,23,7.08,254.3,42,3.91,13,128.7,2.08,18,9,0.667,
0.414,26,7.25,209,26,5.3,23,210.3,1.83,6,4,0.867,
0.398,22,7.31,229.5,44,4.34,21,162.5,3.31,7,6,0.885,
0.403,20,7.16,244.6,43,4.67,14,163.5,2.46,5,6,0.692,
0.434,25,8.53,256.6,33,4.7,20,190,3,9,2,0.818,
0.275,18,6.5,200.2,60,3.75,22,140.5,2.29,16,10,0.917,
0.341,16,7.1,228.2,36,3.82,20,142.4,3,12,7,0.848,
0.306,13,5.7,182.9,54,3.65,16,133.9,1.86,19,12,0.778,
0.399,20,7.94,271.7,59,4.08,21,134.2,2.23,12,8,0.939,
0.403,21,7.01,257.7,46,4.23,14,168.2,1.92,14,10,0.852,
0.38,25,7.01,279.4,63,2.98,16,97.2,1.57,14,11,0.828,
0.397,17,7.09,200.1,65,4.73,17,153.6,1.14,15,13,0.766,
0.279,13,6.5,202.6,49,3.29,9,98.8,1.71,22,11,0.804,
0.369,23,6.49,238.6,36,2.95,12,92.9,1.23,14,8,0.846,
0.286,17,6.08,200.6,51,2.43,7,75.7,1.67,19,14,0.886,
0.34,10,6.36,182.9,44,3.44,15,131.5,0.85,18,11,0.824,
0.459,28,7.87,268.3,54,4.44,30,198.5,2.38,11,7,0.838,
0.387,35,8.5,337.5,56,3.64,16,126.2,3,15,6,0.727,
0.441,18,8.2,275.2,49,3.76,25,116.5,1.08,11,8,0.5,
0.335,26,7.06,267.8,47,4.34,21,151.5,1.92,26,9,0.844,
0.417,13,8.25,210.4,24,4.55,26,165.2,1.25,6,2,0.897,
0.449,13,6.31,222.5,46,4.54,24,182.7,1.46,14,7,0.8,
0.514,26,8.6,292.5,36,5.29,29,225.5,0.92,7,3,0.81,
0.368,30,6.87,233.5,61,3.84,17,163.1,1.15,14,10,0.917,
0.241,9,6.16,171.5,21,2.39,6,82.8,2.33,13,3,0.815,
0.408,19,6.7,235.4,59,4.31,28,182.4,2.57,20,10,0.8,
0.393,18,7.09,227.3,36,4.55,23,186.1,1.33,13,5,0.742,
0.38,12,6.45,201.8,50,3.66,22,143.8,2.62,15,9,0.941,
0.43,21,7.89,243.9,60,4.83,24,209.8,2.08,15,8,0.81,
0.356,17,6.47,193,47,4,17,139.2,2.15,7,7,0.83,
0.371,24,6.88,217,53,4.91,21,191.6,2,9,7,0.857,
0.277,19,6.44,187.7,54,3.54,18,125.3,1.2,16,14,0.816,
0.422,24,6.52,218.2,38,5.04,19,198.7,3.15,14,4,0.789,
0.377,23,7.77,240.9,46,3.61,17,153.8,1.38,11,8,0.887,
0.406,17,7.23,226.4,39,4.04,21,174.5,2.42,8,5,0.794,
0.515,22,8.11,202.8,30,6.46,44,316.5,2,4,1,0.944,
0.415,17,7.13,221,34,4.61,25,185.1,2.25,9,5,0.793,
0.397,23,7.61,236.7,37,4.01,17,168.4,2.17,14,3,0.786,
0.335,17,6,182.1,34,3.53,12,128.1,3.29,14,10,0.8,
0.392,14,5.62,191.6,41,3.83,10,145.3,2,8,10,0.765,
0.356,22,7.38,207.2,49,3.89,13,130.9,0.62,17,9,0.909,
0.289,11,5.91,156.5,33,3.96,11,149.5,1.15,12,10,0.818,
0.405,19,6.44,224.5,36,4.34,18,181.1,2.54,15,6,0.75,
0.361,12,7.23,202.9,31,4.69,24,165.1,1.33,9,3,0.857,
0.374,20,7.69,274.7,59,3.18,16,108.9,2,21,13,0.893,
0.404,22,7.99,214.4,45,6.34,39,273.3,2.42,6,4,0.757,
0.314,17,5.65,184.4,29,4.27,16,166.4,1.67,13,5,0.894,
0.421,32,7.4,313.8,54,5.22,30,195.7,1,12,6,0.75,
0.367,17,6.24,219.6,46,3.62,11,121.4,2.14,19,12,0.647,
0.469,28,7.93,266.8,31,4.67,21,186.6,3.5,5,3,0.889,
0.453,27,8.77,293.7,20,5.67,39,267.2,3.33,9,0,0.724,
0.436,25,8.23,285.5,52,4.41,25,166.7,2.69,5,6,0.828,
0.34,22,6.69,206.2,15,3.5,15,143.9,1.08,12,3,0.92,
0.394,14,6.93,198.1,35,4.61,24,196.1,2.5,11,5,0.8,
0.346,29,8.19,214.8,23,4.24,27,208,2.92,5,2,0.828,
0.423,28,7.88,237.1,31,4.53,17,183.8,1.75,5,4,0.781,
0.4,24,6.89,256.5,49,3.53,13,119.3,1.54,13,9,0.794,
0.353,23,6.56,212.5,48,3.28,11,120.2,3.38,17,8,0.816,
0.357,22,6.42,224.3,39,3.81,14,122.9,1.42,10,9,0.889,
0.343,15,5.54,191.9,50,3.99,12,168.1,1.62,15,10,0.667,
0.349,27,8.05,258.4,26,3.75,23,162.8,2.08,9,3,0.844,
0.47,22,7.34,254.9,29,4.37,22,192.9,2.42,13,3,0.793,
0.371,22,8.07,260.2,56,3.52,24,146.5,1.31,12,9,0.739,
0.393,16,6.4,204.2,49,5.26,25,200.6,1.46,15,8,0.863,
0.351,20,7.54,235.7,27,4.15,27,168.9,2.33,10,3,0.854,
0.276,8,5.41,158.5,52,3.64,12,122.2,1.38,10,10,0.825,
0.349,20,7.34,233.9,43,3.62,16,116,1.5,15,12,0.758,
0.373,23,6.84,253.5,46,4.09,18,152.2,1.31,17,7,0.821,
0.416,13,5.92,179.5,31,4.14,23,166.4,1.46,10,6,0.717,
0.355,16,6.64,216.5,48,4.27,16,174.6,2.46,13,9,0.851,
0.393,10,5.74,169.3,24,3.29,11,132.8,2.5,9,5,0.793,
0.468,16,7.45,221.9,55,4.11,17,143,1.08,12,11,0.917,
0.352,24,6.88,203.2,46,4.32,18,147.5,3,13,7,0.891,
0.34,25,7.46,290.5,48,3.77,18,109.8,1.08,10,6,0.889,
0.428,30,8.36,280,31,5.58,35,242.3,3,12,3,0.656,
0.442,16,6.07,188.6,64,5.13,28,247.4,1.14,17,11,0.789,
0.524,24,8.45,262.7,20,5.42,38,239.9,2.25,4,1,0.85,
0.409,25,6.57,243.6,42,4,17,174.7,2.29,22,8,0.75,
0.325,5,5.54,192.8,33,3.54,21,126.2,2.23,12,10,0.759,
0.351,18,6.85,197.1,43,4.6,21,175.6,2,9,10,0.886,
0.331,17,6.44,209.5,39,4.99,21,168.2,2.15,12,8,0.7,
0.349,14,5.83,184.5,47,3.38,10,126.8,1.46,12,12,0.829,
0.404,19,6.03,202.8,61,3.81,15,161.7,3.15,20,11,0.833,
0.422,21,7.57,252.2,55,4.26,26,186.9,2.46,17,10,0.947,
0.468,22,6.95,233.9,29,4.67,30,203.3,2.42,8,5,0.889,
0.389,23,6.31,258.8,52,3.33,9,127.1,1.46,15,10,0.938,
0.422,35,7.18,306.5,60,4.73,24,178.8,3,13,9,0.889,
0.455,26,8.28,256,26,5.14,28,225.5,1.58,8,2,0.793,
0.366,14,6.05,173.5,42,3.85,19,151,3,10,7,0.846,
0.4,18,7.25,214.7,40,4.35,18,148.5,2.23,10,8,0.857,
0.432,24,7.43,243.4,33,5.12,28,214.9,2.5,12,2,0.885,
0.443,36,9.99,257.2,35,5.14,21,190.3,3.17,2,5,17,
0.445,22,9.02,275.9,34,5.05,33,186.1,2.08,13,4,126,
0.464,31,9.3,241,37,5.78,40,261.2,3.42,10,2,79,
0.439,19,6.94,195,34,5.38,34,221,2.67,10,5,23,
0.47,15,7.35,212.4,31,5.13,26,217.4,2.17,12,3,130,
0.371,16,6.95,239.1,41,3.7,19,141.4,1.62,17,8,76,
0.362,25,7.7,251.5,50,3.97,17,149.3,2.71,14,8,13,
0.37,22,6.48,227.6,59,4.2,17,151.9,1.86,13,9,65,
0.363,19,6.76,228.4,54,4.32,16,139.9,1.43,8,12,125,
0.369,18,7.94,256.7,36,4.75,24,181.8,1.75,11,4,58,
0.278,17,6.35,215.8,53,4.22,27,182.6,1.38,7,11,105,
0.319,13,6.27,209.1,54,3.81,16,127.9,1.29,16,10,65,
0.276,17,6.3,210.4,55,4.19,13,151.6,1.77,12,9,41,
0.442,24,7.33,233.4,30,4.51,21,219.2,2.67,13,5,30,
0.33,10,6.06,166.3,42,5.01,19,213.7,2.85,11,8,119,
0.491,28,9.02,263.8,35,5.71,31,258,1.67,3,3,14,
0.497,25,7.89,267.8,56,6.17,49,279.9,2.08,15,7,71,
0.403,15,6.56,259.7,47,3.35,11,115.2,0.42,12,10,21,
0.36,19,7.17,199.1,32,4.1,20,192.2,1.5,6,4,85,
0.464,20,8.41,233.4,25,4.14,29,178.8,2.17,8,3,38,
0.447,27,8.27,296.9,49,5.26,37,239.7,3.15,10,6,4,
0.475,31,8.93,264.9,21,4.83,24,199.2,1.92,4,0,2,
0.396,18,5.78,203.2,51,4.4,17,198.5,1.15,12,8,32,
0.405,14,6.14,189.3,26,4.43,13,165.8,2.85,18,6,18,
0.394,22,6.84,258.2,42,3.28,11,108.6,1.77,22,10,67,
0.357,26,8.86,265,26,4.96,19,162.8,1,5,5,123,
0.415,22,8.05,275.2,31,4.2,21,168.9,3.67,14,3,35,
0.282,10,6.43,207.3,21,4.02,12,143.2,2.33,6,4,109,
0.369,26,8.16,254.9,29,4.5,15,156.6,1.75,4,4,105,
0.335,18,6.97,189.2,45,4.57,22,180.7,2.62,10,7,9,
0.354,17,7.55,202.5,25,4.19,16,161.3,3.33,6,3,72,
0.368,11,6.72,226.5,44,3.29,15,125.3,2.54,15,7,7,
0.445,13,6.78,223.8,52,4.92,24,192.5,3.15,13,9,76,
0.317,24,6.91,237.8,48,3.95,9,158.7,2.46,23,8,121,
0.352,28,7.11,239.6,64,4.42,17,165.6,1.14,17,12,1,
0.41,24,7.49,232.6,46,5.25,24,181.1,2.38,10,8,35,
0.312,7,5.7,173.2,46,3.13,13,95.4,1.92,12,10,103,
0.368,20,6.64,222.5,31,3.9,14,148.6,2,13,5,56,
0.378,19,6.42,226,37,3.17,5,102.4,1.14,11,12,15,
0.405,28,7.37,281.2,47,4.09,19,169.8,2.86,13,10,69,
0.378,22,7.45,259.7,35,4,17,157.4,3,14,10,116,
0.396,19,6.92,208.8,23,3.47,11,114.6,1.08,12,7,115,
0.359,18,6.85,216,35,4.72,34,205.2,2.38,16,7,12,
0.456,31,7.88,237.8,50,5.31,19,193,1.33,11,4,118,
0.36,22,7.1,230.1,40,4.45,22,168.8,1.15,22,8,121,
0.437,16,7.1,237.8,41,4.83,24,191.1,1.08,10,5,75,
0.386,24,7.53,264.2,33,3.15,17,117.7,1.85,13,11,108,
0.389,20,7.06,229.8,35,3.08,14,94.5,1.62,9,7,11,
0.43,25,6.94,291.4,52,4.98,37,202.1,2,16,8,43,
0.379,17,8.3,222.5,37,4.27,29,175.2,1.45,2,5,114,
0.381,25,6.39,269.7,42,3.28,19,121.8,2.77,14,8,110,
0.419,42,8.1,367.2,51,3.98,19,144.6,2.33,12,5,85,
0.403,24,7.15,232.5,38,3.75,15,122.9,2.15,14,7,18,
0.441,22,7.31,255.4,38,4.77,18,183.7,1.38,8,9,47,
0.274,12,5.27,157.4,20,2.97,11,103.4,2.08,12,10,83,
0.4,35,7.53,256.2,50,5.62,21,204.8,1.92,3,2,68,
0.344,14,6.38,206.8,45,4.45,19,192.9,1,11,9,129,
0.342,20,6.64,255.5,33,3.32,16,111.8,2.46,14,8,15,
0.473,27,8.82,274.8,45,5.24,34,223.9,2.92,6,2,31,
0.359,17,7.22,203.3,27,4.06,18,160.4,3.33,14,4,55,
0.466,18,7.09,238.7,42,5.52,34,222.1,1.75,8,3,88,
0.388,15,5.97,213.6,29,3.17,10,116.2,1.42,16,7,82,
0.439,22,7.3,226.8,39,4.16,21,170.1,1.64,14,13,92,
0.395,13,5.84,170.4,31,4.12,23,166.8,1.31,16,10,127,
0.519,23,7.13,193.7,62,6.26,41,303.4,2.58,3,1,33,
0.461,19,7.62,243.7,42,5.07,24,167.6,0.79,18,11,70,
0.387,15,6.31,200.1,38,3.7,18,143.3,2.62,19,8,61,
0.459,18,9.45,216.5,34,5.62,32,246.2,3.73,8,1,104,
0.423,20,7.63,217.2,45,5.04,31,239.2,2.85,7,6,111,
0.361,24,6.85,251.1,43,4.87,22,182.7,2.17,13,4,43,
0.368,18,6.5,175.9,33,4.42,19,168.3,1.69,13,7,58,
0.462,20,7.52,282.7,53,5.67,35,246.3,2.5,10,2,74,
0.415,22,7.32,243.5,36,5.4,22,209.7,2.42,9,3,42,
0.429,20,6.78,229,31,4.15,17,140.3,2.38,15,9,62,
0.456,18,7.19,216.3,38,4.78,19,214,1.64,8,2,39,
0.439,22,6.87,215.8,41,4.49,20,191.2,2.83,15,5,83,
0.326,16,6.76,189.9,35,4.34,22,183.3,3.67,11,4,88,
0.39,19,7.74,263.6,33,4.06,21,142.2,1.77,7,9,80,
0.347,19,6.48,244.3,41,3.31,19,118.2,1.36,26,9,98,
0.318,14,6.33,199.6,30,3.26,12,108.9,3.15,26,9,80,
0.36,10,5.54,164.2,25,4.32,16,152.7,1.92,10,8,52,
0.311,21,5.91,196.9,39,3.8,15,160.2,1.5,13,13,95,
0.402,19,6.68,234.3,50,4.49,24,201.9,2.85,9,7,57,
0.416,26,6.94,255.8,41,4.68,23,191.8,2.33,12,3,3,
0.353,14,6,228,22,3.4,16,121.5,1.23,17,10,29,
0.398,14,6.3,192.5,38,3.58,21,137.1,1.62,10,6,23,
0.427,23,7.17,234.3,48,5.08,24,199.9,3.58,11,2,90,
0.382,14,6.78,193.7,34,3.21,13,117.7,2.17,5,5,35,
0.313,17,6.66,227.3,26,3.17,18,88.5,0.85,18,11,97,
0.441,26,7.67,269.7,43,4.34,19,182.6,2.17,13,6,76,
0.404,20,6.19,193.5,36,4.77,18,174.7,1.62,15,8,26,
0.351,17,7.01,272.8,28,4.18,17,151.5,1.77,16,10,25,
0.37,18,6.28,212.7,33,3.53,18,133.7,1.64,12,11,107,
0.429,22,7.04,205.2,41,4.95,18,198.6,1.62,13,8,62,
0.485,19,6.57,204.7,36,4.2,21,168.4,2.23,10,8,54,
0.301,15,6.07,205.8,36,4.74,25,177.8,1.69,13,9,6,
0.446,16,7,174.5,55,6.26,40,309.9,0.83,11,2,87,
0.49,31,8.54,257.4,48,5.22,33,240.5,2.15,12,6,96,
0.384,19,6.88,207.7,31,4.34,22,161.8,2.08,12,4,112,
0.437,18,7.02,228.5,43,4.22,24,163.1,1,14,11,93,
0.387,17,6.48,214.3,37,4.24,18,169.9,2.83,15,5,120,
0.411,23,7.33,233,42,4.24,21,171.2,2.15,16,8,91,
0.427,22,7.23,261.4,29,3.85,13,132.9,1.92,12,6,8,
0.344,17,6.09,201.1,38,3.95,24,141.3,1.87,25,14,60,
0.383,23,7.04,276.2,32,3.02,15,106.4,0.69,12,8,102,
0.408,23,7.72,269.2,41,4.09,24,162.8,3.08,12,7,43,
0.33,12,6.21,192.1,25,3.47,9,136.9,2.38,22,9,116,
0.423,21,6.82,264.3,50,4.23,22,165.4,2.07,13,13,112,
0.398,20,6.84,248.1,36,4.61,24,158.2,3,11,5,73,
0.302,10,5.71,178.2,32,2.95,14,100.5,3.38,16,7,98,
0.376,17,6.95,198.9,32,4.5,26,160.8,1.62,10,6,52,
0.467,18,6.89,223.9,45,4.57,27,192.1,2,10,3,124,
0.414,27,7.33,233.4,35,4.31,19,152.5,2.15,9,8,127,
0.425,18,7.45,230.5,42,5.53,32,212.3,1.46,7,8,51,
0.438,27,8.69,263.7,54,5.23,32,235.8,4,6,1,47,
0.41,19,7.17,212.8,38,4.47,22,186.1,2.38,6,6,39,
0.42,16,7.35,220.5,53,5.37,29,212.2,2.08,11,7,49,
0.453,16,7.29,219.8,39,4.51,22,182.9,1.92,6,4,20,
0.35,20,6.51,274.5,40,3.83,20,133.4,2.46,14,9,43,
0.444,23,7.77,235.1,41,5.39,28,216.3,3,7,3,27,
0.358,12,5.38,177.9,27,3.07,12,104.5,1.77,12,8,28,
0.393,19,7.3,209.9,31,3.39,9,139.3,2,8,3,98,
0.279,17,6.81,233,27,2.78,9,108.8,1.77,26,12,49,
0.35,9,6.11,186.9,24,3.78,12,160.2,1.75,11,6,33,
0.344,16,6.77,196.2,32,4.25,23,168.4,3.31,16,7,10,
0.353,13,5.72,184.2,33,3.89,17,164.3,2.23,15,6,5,
0.402,19,7.08,234.8,37,5.01,23,216,2.08,5,8,62,
0.4,18,7.02,243.3,37,4.66,21,202.8,2.17,13,7,98,
0.469,27,7.87,253.2,52,5.19,36,259.5,1.08,6,4,21,
0.432,37,7.88,291.7,47,3.51,13,116.2,1.31,10,9,93,
0.509,19,7.49,207.9,50,5.67,35,246.1,1.92,11,3,52,
0.381,18,7.32,229.9,37,4.24,16,157.9,2.08,17,3,41,
0.417,29,8.73,272.1,43,5.52,30,214.7,2.08,8,2,56,
0.354,24,7.22,231,33,4.43,18,175.1,2.33,9,6,52,
0.373,17,5.73,194.2,30,3.17,10,104.3,2.15,18,9,34,
0.399,22,6.56,250.6,38,3.81,19,147.9,3.15,11,10,52,
0.398,21,6.44,208.8,39,4.23,18,169.8,2.5,8,2,45,
0.372,23,7.12,246.6,33,3.77,12,146.8,2.38,12,9,52,
0.366,19,7.74,191.2,36,5.24,26,176.8,1,11,7,29,
0.429,18,7.31,229.5,34,3.57,14,140.2,2.42,9,4,41,
0.422,19,7.57,218.3,48,4.43,23,183.8,1.75,6,3,43,
0.39,19,7.08,232.5,32,3.36,11,120.7,1.33,15,5,48,
0.288,13,6.74,199,30,3.89,15,144.8,2.62,12,7,58,
0.411,12,6.43,186.6,36,4.38,20,182.7,4,6,3,52,
0.374,26,7.44,286.6,43,3.28,14,124.1,2,13,8,54,
0.393,33,8.3,296.6,46,4.07,18,145.7,3,3,3,58,
0.314,18,6.61,231.2,35,4.35,20,168.2,2.38,12,7,43,
0.475,33,8.95,289.2,49,4.98,33,220.8,1.46,13,8,62,
0.402,18,6.87,217.6,34,4.25,19,153.5,1.85,13,8,50,
0.284,15,6.78,168,29,3.59,19,126.1,0.93,6,11,57,
0.429,27,7.26,232.9,43,4.1,16,164.1,2.25,13,5,57,
0.347,13,6.6,180.3,17,3.32,8,106.2,1.31,11,11,58,
0.393,20,6.59,233.2,34,4.11,18,167.8,1.31,18,8,45,
0.371,24,7.38,234.7,40,3.88,21,137.6,2.93,21,10,34,
0.434,25,7.92,235,37,4.67,21,178.4,0.67,8,3,54,
0.382,20,6.99,232.9,44,4.72,22,180.2,2.23,9,8,36,
0.441,19,9.44,197.5,44,5.1,29,213.3,1.42,7,3,58,
0.33,19,7.33,258.6,38,4.59,19,162.1,1.29,13,12,46,
0.393,14,6.56,218.5,31,4.77,22,195.3,1.23,13,10,23,
0.339,23,6.35,214.9,32,3.46,15,145.4,1.69,19,11,51,
0.423,26,8.25,268.4,36,4.03,19,160.6,1.69,9,7,41,
0.353,11,5.67,170.9,22,4.5,16,150.6,2.93,8,10,65,
0.348,15,7.41,216.2,30,4.24,24,166.6,1.54,15,8,45,
0.361,19,5.81,218.9,38,3.86,11,159.9,2.92,13,8,42,
0.414,32,9.39,341,45,4.9,32,188.6,3,5,1,41,
0.448,16,7.51,203.9,42,4.78,23,201.3,2.58,14,6,60,
0.331,16,6.27,211.2,26,3.21,12,104.5,1.31,13,9,56,
0.308,14,6.91,201,27,3.73,22,155.7,2.69,18,11,42,
0.388,24,7.45,259.5,53,4.94,31,208.5,1.67,10,4,42,
0.373,25,7.42,243.9,37,4.25,17,174.1,1.21,18,10,52,
0.456,24,6.38,252.1,34,3.26,12,116.7,2.31,18,10,40,
0.474,23,9.71,252.6,47,6.27,43,258.3,2.33,7,2,46,
0.397,28,8.49,224.3,46,5.28,26,205.4,4.33,7,1,40,
0.335,11,5.63,161.5,28,4.32,18,164.4,2.17,13,6,41,
0.34,9,6.46,171.8,32,4.35,17,142.4,2.25,10,4,51,
0.322,14,5.14,156.6,23,3.26,7,124.8,2.36,26,14,47,
0.399,18,7.74,227.4,41,3.7,25,148.2,1.69,7,8,45,
0.363,18,7.44,244.5,31,3.57,18,115.8,1.08,14,7,46,
0.344,15,7.03,266.8,37,3.58,18,149,2.23,25,8,43,
0.468,40,8.42,315.8,51,5.49,32,213.6,4.42,10,1,48,
0.452,25,8.23,242.9,48,5.58,29,238.6,2.5,3,4,54,
0.465,24,8.39,290.2,44,5.43,35,237.8,1.5,7,5,46,
0.357,20,5.75,174.7,24,3.58,8,128.4,1.15,13,8,45,
0.384,17,6.9,239.1,41,5.35,33,224,3.17,8,3,40,
0.408,20,7.14,242,44,4.72,25,190.6,2.5,14,3,49,
0.409,13,6.24,219.8,40,3.92,20,139.1,2,17,8,46,
0.424,19,7.82,211.1,44,4.88,21,198.8,1.17,9,4,43,
0.447,22,8.21,229.8,42,4.9,26,197.3,3.08,3,2,30,
0.402,22,6.99,237.6,33,4.81,19,189.3,2.25,13,6,28,
0.413,17,7.63,242.8,35,4.13,20,150.7,2.08,14,9,34,
0.453,12,7.18,213.5,37,4.11,25,194.8,2.5,18,4,42,
0.267,8,5.95,170.8,26,2.58,10,80.7,2,16,12,44,
0.383,15,6.45,197.5,35,3.93,15,143.2,1.92,11,10,55,
0.336,17,6.53,208.1,44,3.7,20,160.5,1.86,18,10,61,
0.342,18,6.73,225.1,48,3.72,20,149.3,2.08,11,7,28,
0.404,22,8.48,217.8,35,5.39,23,215.5,1.33,8,1,46,
0.439,18,7,254.3,34,3.32,16,116.3,2.33,11,3,56,
0.419,16,7.35,249.8,40,4.4,26,176.5,1.31,18,9,57,
0.482,29,8.09,260.9,54,5.08,23,223.3,4.17,10,0,35,
0.398,23,6.93,231.3,39,3.81,14,140.2,2.77,17,7,44,
0.279,12,5.18,165.6,24,2.85,8,86.6,1.21,17,13,45,
0.478,16,6.8,203.4,40,4.33,25,199.3,1.23,15,8,31,
0.368,16,6.9,215.1,37,4.54,19,158.2,2.08,10,8,54,
0.352,18,6.87,205.2,33,4.21,17,144.2,1.77,14,7,46,
0.378,18,6.54,264.8,40,4.17,20,152.9,1.93,20,12,46,
0.459,23,7.07,215.9,35,4.55,17,178.8,1.38,13,9,44,
0.407,19,6.87,219.3,38,5.02,26,180.2,3,12,3,52,
0.309,17,7.19,214.6,39,3.77,21,156.2,1.31,14,9,49,
0.452,21,8.88,250,51,6.86,45,299.5,2.08,10,2,47,
0.4,16,6.77,220.7,38,4.17,19,182.5,1.62,13,7,53,
0.363,15,6.51,227.8,22,3.68,10,120.5,0.85,18,9,42,
0.387,27,7.13,263.1,36,3.85,14,151.7,0.79,19,12,40,
0.401,20,6.89,256.2,38,4.15,16,167.3,3,19,5,32,
0.419,19,6.31,198.2,39,4.18,13,168,0.62,13,9,39,
0.442,24,7.28,217.9,31,4.62,21,187.9,1.46,14,7,44,
0.356,31,7.03,268,34,3.29,9,109.4,1.57,16,12,47,
0.337,17,6.76,212.5,30,4.09,17,137.6,1.15,16,11,43,
0.314,16,5.83,242.5,32,3.64,11,142.4,1.08,21,10,50,
0.401,10,6.95,215.5,40,3.92,27,154.9,2.08,13,8,48,
0.403,14,5.55,204.5,37,3.82,17,165.5,1.38,17,11,40,
0.404,20,7.29,246.3,44,5.1,28,190.3,1.92,19,7,41,
0.365,18,6.73,237.3,32,3.92,16,144,1.83,13,7,45,
0.383,20,7.36,218.5,37,4.04,19,149,3.31,8,7,44,
0.565,27,7.55,224.5,52,5.34,28,235.4,3.17,13,1,45,
0.349,21,6.89,202.7,40,4.14,20,161.4,2.64,14,10,41,
0.416,31,7.79,312,42,3.1,17,100.8,2.69,8,6,47,
0.412,24,7.4,271.8,44,3.79,23,140.8,3.17,11,5,47,
0.364,20,7.28,224.6,36,4.26,15,159.7,1.42,11,6,54,
0.373,15,6.91,196.2,37,4.31,16,153.8,1.77,18,11,48,
0.39,19,7.4,211,35,3.86,16,139.8,2.75,11,2,38,
0.327,20,5.82,214.6,27,3.96,14,120.6,2.43,17,10,45,
0.459,24,7.84,210.9,53,4.75,38,224.6,3,6,1,41,
0.322,22,6.41,253.8,32,2.88,8,89.4,1.14,13,11,34,
0.335,22,6.98,229.8,34,3.81,19,137.4,1.38,15,7,60,
0.36,14,6.57,225.6,36,3.31,14,130.8,1.92,19,4,36,
0.409,24,8.31,298.6,43,4.6,17,175,2.67,3,2,47,
0.425,18,7.16,211.1,36,5.26,25,207.3,1.25,14,5,44,
0.368,13,6.95,224.2,45,4.35,21,183.1,1.23,10,8,53,
0.41,31,7.56,253.5,42,5.38,23,222.3,1.62,17,9,44,
0.395,18,6.57,249.3,38,4.16,20,147.4,1.75,11,6,55,
0.343,16,6.43,217.1,41,4.55,32,201.5,2.54,8,8,35,
0.455,17,8.38,251.3,46,4.01,27,170.4,0.5,8,7,53,
0.436,28,9.48,313.6,38,4.31,27,169.6,1.67,6,6,41,
0.394,13,6.95,228.4,36,3.19,17,123.7,2.46,19,7,42,
0.44,25,6.69,230.7,45,4.59,21,198.9,0.83,15,3,46,
0.46,32,9.35,276.5,54,5.6,35,221.3,2.17,7,2,33,
0.412,13,6.5,239.5,28,3.98,21,122.5,1.69,14,12,62,
0.349,16,6.49,217.6,39,3.98,19,169.5,2.77,14,10,36,
0.384,23,7.55,249.2,38,3.69,17,135.4,3.5,13,3,47,
0.365,22,7.24,267.3,43,3.52,13,130.3,1.92,3,5,38,
0.469,26,9.69,220.5,45,6.16,35,247.8,2.25,3,2,48,
0.368,18,5.99,206.9,40,4.18,19,147.8,2.54,18,9,42,
0.32,19,7.24,232.9,41,4.36,28,170.7,2,10,2,43,
0.297,12,6.22,172.7,23,3.21,13,110.9,2.54,19,8,49,
0.363,20,6.42,223,37,3.73,13,143.2,2.08,12,4,45,
0.378,15,5.83,227.2,38,4.13,20,161.3,2.31,16,9,44,
0.381,23,7.67,270.8,41,4.45,25,187.2,2.46,16,6,41,
0.427,24,7.88,263.3,50,4.43,23,191.7,2.33,12,4,68,
0.451,10,6.84,177.9,37,4.29,24,161.3,1.67,14,8,44,
0.457,16,6.61,169.2,43,5.38,30,250,1.83,8,1,34,
0.306,16,6.2,202.5,25,3.22,8,102.5,1.23,9,9,29,
